lab_id,n,PLD,length_mm,wet_wt_g,site_code.x,date,year,month,day,country,region,parent_site,reach,survey_lat,survey_long,temp_f,fishery_closure_start,fishery_closure_end,surveyDateJDays,ringFormation,embryo,fish_age,spawnDate
BR22_B01,96,58,45,0.94,BR,30/08/2022,2022,8,30,England,Kent and Essex,Colne,Outer,51.806228,1.021158,69.7,01/02/2021,01/04/2021,242,2,6,104,138
BR22_B02,119,81,58,2.361,BR,30/08/2022,2022,8,30,England,Kent and Essex,Colne,Outer,51.806228,1.021158,69.7,01/02/2021,01/04/2021,242,2,6,127,115
BR22_B04,106,62,51,1.25,BR,30/08/2022,2022,8,30,England,Kent and Essex,Colne,Outer,51.806228,1.021158,69.7,01/02/2021,01/04/2021,242,2,6,114,128
BR22_B06,121,82,48,1.271,BR,30/08/2022,2022,8,30,England,Kent and Essex,Colne,Outer,51.806228,1.021158,69.7,01/02/2021,01/04/2021,242,2,6,129,113
BR22_B10,114,55,59,2.194,BR,30/08/2022,2022,8,30,England,Kent and Essex,Colne,Outer,51.806228,1.021158,69.7,01/02/2021,01/04/2021,242,2,6,122,120
BR22_B13,105,53,44,0.953,BR,30/08/2022,2022,8,30,England,Kent and Essex,Colne,Outer,51.806228,1.021158,69.7,01/02/2021,01/04/2021,242,2,6,113,129
BR22_B18,129,68,67,3.428,BR,30/08/2022,2022,8,30,England,Kent and Essex,Colne,Outer,51.806228,1.021158,69.7,01/02/2021,01/04/2021,242,2,6,137,105
BR22_B19,110,62,42,0.848,BR,30/08/2022,2022,8,30,England,Kent and Essex,Colne,Outer,51.806228,1.021158,69.7,01/02/2021,01/04/2021,242,2,6,118,124
CH22_B01,141,75,55,1.478,CH,07/09/2022,2022,9,7,England,Southern,Chichester Harbour,Inner,50.82366667,-0.86972,66.9,01/02/2021,01/04/2021,250,2,6,149,101
CH22_B02,139,78,59,2.177,CH,07/09/2022,2022,9,7,England,Southern,Chichester Harbour,Inner,50.82366667,-0.86972,66.9,01/02/2021,01/04/2021,250,2,6,147,103
CH22_B03,122,54,75,3.728,CH,07/09/2022,2022,9,7,England,Southern,Chichester Harbour,Inner,50.82366667,-0.86972,66.9,01/02/2021,01/04/2021,250,2,6,130,120
CH22_B04,120,59,55,1.519,CH,07/09/2022,2022,9,7,England,Southern,Chichester Harbour,Inner,50.82366667,-0.86972,66.9,01/02/2021,01/04/2021,250,2,6,128,122
CH22_B06,124,54,56,1.552,CH,07/09/2022,2022,9,7,England,Southern,Chichester Harbour,Inner,50.82366667,-0.86972,66.9,01/02/2021,01/04/2021,250,2,6,132,118
CH22_B07,141,85,86,5.408,CH,07/09/2022,2022,9,7,England,Southern,Chichester Harbour,Inner,50.82366667,-0.86972,66.9,01/02/2021,01/04/2021,250,2,6,149,101
CH22_B10,122,73,52,1.219,CH,07/09/2022,2022,9,7,England,Southern,Chichester Harbour,Inner,50.82366667,-0.86972,66.9,01/02/2021,01/04/2021,250,2,6,130,120
CH22_B11,149,85,43,1.591,CH,07/09/2022,2022,9,7,England,Southern,Chichester Harbour,Inner,50.82366667,-0.86972,66.9,01/02/2021,01/04/2021,250,2,6,157,93
CH22_B13,128,62,61,1.889,CH,07/09/2022,2022,9,7,England,Southern,Chichester Harbour,Inner,50.82366667,-0.86972,66.9,01/02/2021,01/04/2021,250,2,6,136,114
CH23_B01,134,63,57,1.959,CH,31/08/2023,2023,8,31,England,Southern,Chichester Harbour,Inner,50.82377857,-0.869962857,64.85714286,01/02/2021,01/04/2021,243,2,6,142,101
CH23_B02,159,81,74,4.875,CH,31/08/2023,2023,8,31,England,Southern,Chichester Harbour,Inner,50.82377857,-0.869962857,64.85714286,01/02/2021,01/04/2021,243,2,6,167,76
CH23_B03,122,52,65,3.08,CH,31/08/2023,2023,8,31,England,Southern,Chichester Harbour,Inner,50.82377857,-0.869962857,64.85714286,01/02/2021,01/04/2021,243,2,6,130,113
CH23_B04,113,54,50,1.176,CH,31/08/2023,2023,8,31,England,Southern,Chichester Harbour,Inner,50.82377857,-0.869962857,64.85714286,01/02/2021,01/04/2021,243,2,6,121,122
CH23_B05,157,76,60,2.471,CH,31/08/2023,2023,8,31,England,Southern,Chichester Harbour,Inner,50.82377857,-0.869962857,64.85714286,01/02/2021,01/04/2021,243,2,6,165,78
EX22_B01,168,92,78,4.736,EX,14/09/2022,2022,9,14,England,Devon and Severn,Exe,Inner,50.68023,-3.464035714,64.27142857,01/02/2021,01/04/2021,257,2,6,176,81
EX22_B03,138,74,81,5.507,EX,14/09/2022,2022,9,14,England,Devon and Severn,Exe,Inner,50.68023,-3.464035714,64.27142857,01/02/2021,01/04/2021,257,2,6,146,111
EX22_B07,166,87,101,10.785,EX,14/09/2022,2022,9,14,England,Devon and Severn,Exe,Inner,50.68023,-3.464035714,64.27142857,01/02/2021,01/04/2021,257,2,6,174,83
EX22_B09,148,87,73,4.487,EX,14/09/2022,2022,9,14,England,Devon and Severn,Exe,Inner,50.68023,-3.464035714,64.27142857,01/02/2021,01/04/2021,257,2,6,156,101
EX22_B10,126,59,61,3.112,EX,14/09/2022,2022,9,14,England,Devon and Severn,Exe,Inner,50.68023,-3.464035714,64.27142857,01/02/2021,01/04/2021,257,2,6,134,123
EX22_B12,118,61,52,1.427,EX,14/09/2022,2022,9,14,England,Devon and Severn,Exe,Inner,50.68023,-3.464035714,64.27142857,01/02/2021,01/04/2021,257,2,6,126,131
EX22_B13,151,70,74,4.233,EX,14/09/2022,2022,9,14,England,Devon and Severn,Exe,Inner,50.68023,-3.464035714,64.27142857,01/02/2021,01/04/2021,257,2,6,159,98
EX22_B15,155,71,88,7.275,EX,14/09/2022,2022,9,14,England,Devon and Severn,Exe,Inner,50.68023,-3.464035714,64.27142857,01/02/2021,01/04/2021,257,2,6,163,94
EX22_B16,131,65,78,4.828,EX,14/09/2022,2022,9,14,England,Devon and Severn,Exe,Inner,50.68023,-3.464035714,64.27142857,01/02/2021,01/04/2021,257,2,6,139,118
EX23_B02,173,89,89,6.496,EX,19/09/2023,2023,9,19,England,Devon and Severn,Exe,Inner,50.68070797,-3.463856019,60.4,01/02/2021,01/04/2021,262,2,6,181,81
EX23_B03,165,92,80,5.053,EX,19/09/2023,2023,9,19,England,Devon and Severn,Exe,Inner,50.68070797,-3.463856019,60.4,01/02/2021,01/04/2021,262,2,6,173,89
EX23_B04,167,80,75,3.769,EX,19/09/2023,2023,9,19,England,Devon and Severn,Exe,Inner,50.68070797,-3.463856019,60.4,01/02/2021,01/04/2021,262,2,6,175,87
EX23_B05,179,91,85,5.649,EX,19/09/2023,2023,9,19,England,Devon and Severn,Exe,Inner,50.68070797,-3.463856019,60.4,01/02/2021,01/04/2021,262,2,6,187,75
FA23_B01,147,60,98.7,11.185,FA,15/09/2023,2023,9,15,England,Cornwall,Fal,Inner,50.20970603,-5.067084013,67.6,01/02/2021,01/04/2021,258,2,6,155,103
HE23_B01,197,98,107.4,17.015,HE,13/09/2023,2023,9,13,England,Cornwall,Helford,Inner,50.11257998,-5.163632976,66.9,01/02/2021,01/04/2021,256,2,6,205,51
HE23_B02,134,75,55.6,2.443,HE,13/09/2023,2023,9,13,England,Cornwall,Helford,Inner,50.11257998,-5.163632976,66.9,01/02/2021,01/04/2021,256,2,6,142,114
HE23_B03,123,75,58.1,1.796,HE,13/09/2023,2023,9,13,England,Cornwall,Helford,Inner,50.11257998,-5.163632976,66.9,01/02/2021,01/04/2021,256,2,6,131,125
HE23_B04,201,107,110.8,13.495,HE,13/09/2023,2023,9,13,England,Cornwall,Helford,Inner,50.11257998,-5.163632976,66.9,01/02/2021,01/04/2021,256,2,6,209,47
HE23_B05,158,74,84.7,5.675,HE,13/09/2023,2023,9,13,England,Cornwall,Helford,Inner,50.11257998,-5.163632976,66.9,01/02/2021,01/04/2021,256,2,6,166,90
HE23_B07,170,83,94.1,8.545,HE,13/09/2023,2023,9,13,England,Cornwall,Helford,Inner,50.11257998,-5.163632976,66.9,01/02/2021,01/04/2021,256,2,6,178,78
LS22_B01,181,121,69,3.185,LS,31/08/2022,2022,8,31,England,Sussex,Adur,Outer,50.830119,-0.247906,NA,01/02/2021,01/04/2021,243,2,6,189,54
LS22_B03,172,116,60,2.624,LS,31/08/2022,2022,8,31,England,Sussex,Adur,Outer,50.830119,-0.247906,NA,01/02/2021,01/04/2021,243,2,6,180,63
OS22_B12,97,69,44,0.91,OS,26/08/2022,2022,8,26,England,Kent and Essex,Blackwater,Inner,51.733544,0.727098,71.62,01/02/2021,01/04/2021,238,2,6,105,133
OS22_B13,91,58,45,1.041,OS,26/08/2022,2022,8,26,England,Kent and Essex,Blackwater,Inner,51.733544,0.727098,71.62,01/02/2021,01/04/2021,238,2,6,99,139
OS22_B19,111,60,61,2.405,OS,26/08/2022,2022,8,26,England,Kent and Essex,Blackwater,Inner,51.733544,0.727098,71.62,01/02/2021,01/04/2021,238,2,6,119,119
PO22_B01,89,59,66,3.754,PO,09/09/2022,2022,9,9,England,Southern,Poole Harbour,Inner,50.7100175,-2.0097525,65.8,01/02/2021,01/04/2021,252,2,6,97,155
PO22_B02,139,72,71,3.953,PO,09/09/2022,2022,9,9,England,Southern,Poole Harbour,Inner,50.7100175,-2.0097525,65.8,01/02/2021,01/04/2021,252,2,6,147,105
PO22_B03,128,56,72,4.106,PO,09/09/2022,2022,9,9,England,Southern,Poole Harbour,Inner,50.7100175,-2.0097525,65.8,01/02/2021,01/04/2021,252,2,6,136,116
PO22_B17,137,78,65,2.356,PO,09/09/2022,2022,9,9,England,Southern,Poole Harbour,Inner,50.7100175,-2.0097525,65.8,01/02/2021,01/04/2021,252,2,6,145,107
PO22_B18,121,60,82,5.374,PO,09/09/2022,2022,9,9,England,Southern,Poole Harbour,Inner,50.7100175,-2.0097525,65.8,01/02/2021,01/04/2021,252,2,6,129,123
PO22_B19,121,50,85,6.194,PO,09/09/2022,2022,9,9,England,Southern,Poole Harbour,Inner,50.7100175,-2.0097525,65.8,01/02/2021,01/04/2021,252,2,6,129,123
PO22_B21,137,70,77,4.101,PO,09/09/2022,2022,9,9,England,Southern,Poole Harbour,Inner,50.7100175,-2.0097525,65.8,01/02/2021,01/04/2021,252,2,6,145,107
PO22_B23,148,74,85,6.078,PO,09/09/2022,2022,9,9,England,Southern,Poole Harbour,Inner,50.7100175,-2.0097525,65.8,01/02/2021,01/04/2021,252,2,6,156,96
PO23_B02,144,82,62,2.219,PO,29/08/2023,2023,8,29,England,Southern,Poole Harbour,Inner,50.710262,-2.007362,65.44,01/02/2021,01/04/2021,241,2,6,152,89
PO23_B03,143,78,64,2.191,PO,29/08/2023,2023,8,29,England,Southern,Poole Harbour,Inner,50.710262,-2.007362,65.44,01/02/2021,01/04/2021,241,2,6,151,90
PO23_B04,145,77,60,2.263,PO,29/08/2023,2023,8,29,England,Southern,Poole Harbour,Inner,50.710262,-2.007362,65.44,01/02/2021,01/04/2021,241,2,6,153,88
PO23_B05,139,70,59,1.912,PO,29/08/2023,2023,8,29,England,Southern,Poole Harbour,Inner,50.710262,-2.007362,65.44,01/02/2021,01/04/2021,241,2,6,147,94
PO23_B06,128,62,65,2.491,PO,29/08/2023,2023,8,29,England,Southern,Poole Harbour,Inner,50.710262,-2.007362,65.44,01/02/2021,01/04/2021,241,2,6,136,105
SA23_B02,134,68,73,3.547,SA,29/08/2023,2023,8,29,England,Southern,Poole Harbour,Outer,50.69569857,-1.93224,60.8,01/02/2021,01/04/2021,241,2,6,142,99
SA23_B03,158,78,78,4.648,SA,29/08/2023,2023,8,29,England,Southern,Poole Harbour,Outer,50.69569857,-1.93224,60.8,01/02/2021,01/04/2021,241,2,6,166,75
SA23_B05,137,68,72,4.111,SA,29/08/2023,2023,8,29,England,Southern,Poole Harbour,Outer,50.69569857,-1.93224,60.8,01/02/2021,01/04/2021,241,2,6,145,96
SC22_B05,54,54,46,0.903,SC,27/09/2022,2022,9,27,Belgium,South Belgium,Scheldt,Inner,51.07114061,4.185860829,61.88,01/02/2021,01/04/2021,270,2,6,62,208
SC23_B02,133,44,89,6.761,SC,24/04/2023,2023,4,24,Belgium,South Belgium,Scheldt,Outer,51.31759955,4.273378091,54.32,01/02/2021,01/04/2021,114,2,6,141,-27
SC23_B05,97,43,98,9.053,SC,24/04/2023,2023,4,24,Belgium,South Belgium,Scheldt,Outer,51.31759955,4.273378091,54.32,01/02/2021,01/04/2021,114,2,6,105,9
SO22_B05,138,90,56,1.705,SO,09/09/2022,2022,9,9,England,Southern,Southampton Water,Inner,50.88075,-1.297373333,67.46666667,01/02/2021,01/04/2021,252,2,6,146,106
SO22_B07,141,85,61,1.851,SO,09/09/2022,2022,9,9,England,Southern,Southampton Water,Inner,50.88075,-1.297373333,67.46666667,01/02/2021,01/04/2021,252,2,6,149,103
SO22_B09,162,97,66,2.696,SO,09/09/2022,2022,9,9,England,Southern,Southampton Water,Inner,50.88075,-1.297373333,67.46666667,01/02/2021,01/04/2021,252,2,6,170,82
SO22_B10,127,71,50,1.089,SO,09/09/2022,2022,9,9,England,Southern,Southampton Water,Inner,50.88075,-1.297373333,67.46666667,01/02/2021,01/04/2021,252,2,6,135,117
SO23_B01,168,83,69,3.072,SO,30/08/2023,2023,8,30,England,Southern,Southampton Water,Inner,50.88078,-1.297306667,67.4,01/02/2021,01/04/2021,242,2,6,176,66
SO23_B02,150,66,74,3.972,SO,30/08/2023,2023,8,30,England,Southern,Southampton Water,Inner,50.88078,-1.297306667,67.4,01/02/2021,01/04/2021,242,2,6,158,84
SO23_B03,147,76,68,3.172,SO,30/08/2023,2023,8,30,England,Southern,Southampton Water,Inner,50.88078,-1.297306667,67.4,01/02/2021,01/04/2021,242,2,6,155,87
SO23_B04,106,50,42,1.337,SO,30/08/2023,2023,8,30,England,Southern,Southampton Water,Inner,50.88078,-1.297306667,67.4,01/02/2021,01/04/2021,242,2,6,114,128
SS22_B02,113,62,50,1.344,SS,30/08/2022,2022,8,30,England,Sussex,Cuckmere,Inner,50.77818333,0.143026667,67.9,01/02/2021,01/04/2021,242,2,6,121,121
SS22_B03,149,93,55,1.434,SS,30/08/2022,2022,8,30,England,Sussex,Cuckmere,Inner,50.77818333,0.143026667,67.9,01/02/2021,01/04/2021,242,2,6,157,85
SS22_B04,153,95,49,1.201,SS,30/08/2022,2022,8,30,England,Sussex,Cuckmere,Inner,50.77818333,0.143026667,67.9,01/02/2021,01/04/2021,242,2,6,161,81
SS22_B17,111,81,50,1.164,SS,30/08/2022,2022,8,30,England,Sussex,Cuckmere,Inner,50.77818333,0.143026667,67.9,01/02/2021,01/04/2021,242,2,6,119,123
SS22_B18,147,73,72,3.566,SS,30/08/2022,2022,8,30,England,Sussex,Cuckmere,Inner,50.77818333,0.143026667,67.9,01/02/2021,01/04/2021,242,2,6,155,87
SS22_B21,122,56,69,2.935,SS,30/08/2022,2022,8,30,England,Sussex,Cuckmere,Inner,50.77818333,0.143026667,67.9,01/02/2021,01/04/2021,242,2,6,130,112
SS22_B23,132,79,47,0.953,SS,30/08/2022,2022,8,30,England,Sussex,Cuckmere,Inner,50.77818333,0.143026667,67.9,01/02/2021,01/04/2021,242,2,6,140,102
SS23_B01,152,99,55,1.75,SS,08/09/2023,2023,9,8,England,Sussex,Cuckmere,Inner,50.7754675,0.1435025,73.35,01/02/2021,01/04/2021,251,2,6,160,91
SS23_B02,156,97,44,1.166,SS,08/09/2023,2023,9,8,England,Sussex,Cuckmere,Inner,50.7754675,0.1435025,73.35,01/02/2021,01/04/2021,251,2,6,164,87
SS23_B03,142,70,71,4.327,SS,08/09/2023,2023,9,8,England,Sussex,Cuckmere,Inner,50.7754675,0.1435025,73.35,01/02/2021,01/04/2021,251,2,6,150,101
SS23_B05,170,109,50,1.108,SS,08/09/2023,2023,9,8,England,Sussex,Cuckmere,Inner,50.7754675,0.1435025,73.35,01/02/2021,01/04/2021,251,2,6,178,73
SS23_B07,167,106,52,1.25,SS,08/09/2023,2023,9,8,England,Sussex,Cuckmere,Inner,50.7754675,0.1435025,73.35,01/02/2021,01/04/2021,251,2,6,175,76
SS23_B09,165,100,60,2.34,SS,08/09/2023,2023,9,8,England,Sussex,Cuckmere,Inner,50.7754675,0.1435025,73.35,01/02/2021,01/04/2021,251,2,6,173,78
ST23_B02,105,51,35,0.337,ST,17/08/2023,2023,8,17,England,Kent and Essex,Stour Kent,Outer,51.319976,1.362816,NA,01/02/2021,01/04/2021,229,2,6,113,116
ST23_B05,134,64,47,1.001,ST,17/08/2023,2023,8,17,England,Kent and Essex,Stour Kent,Outer,51.319976,1.362816,NA,01/02/2021,01/04/2021,229,2,6,142,87
ST23_B06,142,83,46,0.893,ST,17/08/2023,2023,8,17,England,Kent and Essex,Stour Kent,Outer,51.319976,1.362816,NA,01/02/2021,01/04/2021,229,2,6,150,79
ST23_B09,125,60,37,0.454,ST,17/08/2023,2023,8,17,England,Kent and Essex,Stour Kent,Outer,51.319976,1.362816,NA,01/02/2021,01/04/2021,229,2,6,133,96
ST23_B10,103,62,34,0.57,ST,17/08/2023,2023,8,17,England,Kent and Essex,Stour Kent,Outer,51.319976,1.362816,NA,01/02/2021,01/04/2021,229,2,6,111,118
TA22_B01,154,93,75,4,TA,13/09/2022,2022,9,13,England,Devon and Severn,Taw,Inner,51.079629,-4.063976,NA,01/02/2021,01/04/2021,256,2,6,162,94
TA22_B02,156,99,50,3.299,TA,13/09/2022,2022,9,13,England,Devon and Severn,Taw,Inner,51.079629,-4.063976,NA,01/02/2021,01/04/2021,256,2,6,164,92
TA22_B03,163,84,57,2.367,TA,13/09/2022,2022,9,13,England,Devon and Severn,Taw,Inner,51.079629,-4.063976,NA,01/02/2021,01/04/2021,256,2,6,171,85
TA22_B04,139,76,51,2.432,TA,13/09/2022,2022,9,13,England,Devon and Severn,Taw,Inner,51.079629,-4.063976,NA,01/02/2021,01/04/2021,256,2,6,147,109
TA22_B06,130,71,65,2.605,TA,13/09/2022,2022,9,13,England,Devon and Severn,Taw,Inner,51.079629,-4.063976,NA,01/02/2021,01/04/2021,256,2,6,138,118
TA22_B07,156,78,80,5.611,TA,13/09/2022,2022,9,13,England,Devon and Severn,Taw,Inner,51.079629,-4.063976,NA,01/02/2021,01/04/2021,256,2,6,164,92
TA22_B09,137,75,64,2.566,TA,13/09/2022,2022,9,13,England,Devon and Severn,Taw,Inner,51.079629,-4.063976,NA,01/02/2021,01/04/2021,256,2,6,145,111
TA22_B10,125,65,71,3.619,TA,13/09/2022,2022,9,13,England,Devon and Severn,Taw,Inner,51.079629,-4.063976,NA,01/02/2021,01/04/2021,256,2,6,133,123
TA22_B11,129,68,61,3.496,TA,13/09/2022,2022,9,13,England,Devon and Severn,Taw,Inner,51.079629,-4.063976,NA,01/02/2021,01/04/2021,256,2,6,137,119
TA22_B13,151,93,55,1.625,TA,13/09/2022,2022,9,13,England,Devon and Severn,Taw,Inner,51.079629,-4.063976,NA,01/02/2021,01/04/2021,256,2,6,159,97
TA22_B14,150,86,79,4.396,TA,13/09/2022,2022,9,13,England,Devon and Severn,Taw,Inner,51.079629,-4.063976,NA,01/02/2021,01/04/2021,256,2,6,158,98
TA22_B15,153,81,89,7.247,TA,13/09/2022,2022,9,13,England,Devon and Severn,Taw,Inner,51.079629,-4.063976,NA,01/02/2021,01/04/2021,256,2,6,161,95
TA22_B16,160,86,75,4.023,TA,13/09/2022,2022,9,13,England,Devon and Severn,Taw,Inner,51.079629,-4.063976,NA,01/02/2021,01/04/2021,256,2,6,168,88
TA22_B19,153,78,89,8.042,TA,13/09/2022,2022,9,13,England,Devon and Severn,Taw,Inner,51.079629,-4.063976,NA,01/02/2021,01/04/2021,256,2,6,161,95
TA22_B20,133,69,35,0.948,TA,13/09/2022,2022,9,13,England,Devon and Severn,Taw,Inner,51.079629,-4.063976,NA,01/02/2021,01/04/2021,256,2,6,141,115
TA23_B01,126,72,95,7.812,TA,22/09/2023,2023,9,22,England,Devon and Severn,Taw,Inner,51.08012603,-4.064865969,55,01/02/2021,01/04/2021,265,2,6,134,131
TA23_B04,117,62,70,4.037,TA,22/09/2023,2023,9,22,England,Devon and Severn,Taw,Inner,51.08012603,-4.064865969,55,01/02/2021,01/04/2021,265,2,6,125,140
TA23_B05,139,71,45,0.942,TA,22/09/2023,2023,9,22,England,Devon and Severn,Taw,Inner,51.08012603,-4.064865969,55,01/02/2021,01/04/2021,265,2,6,147,118
TA23_B07,167,92,79,4.238,TA,22/09/2023,2023,9,22,England,Devon and Severn,Taw,Inner,51.08012603,-4.064865969,55,01/02/2021,01/04/2021,265,2,6,175,90
TA23_B08,129,57,80,4.509,TA,22/09/2023,2023,9,22,England,Devon and Severn,Taw,Inner,51.08012603,-4.064865969,55,01/02/2021,01/04/2021,265,2,6,137,128
TA23_B11,164,85,98,8.561,TA,22/09/2023,2023,9,22,England,Devon and Severn,Taw,Inner,51.08012603,-4.064865969,55,01/02/2021,01/04/2021,265,2,6,172,93
TA23_B13,155,74,72,4.273,TA,22/09/2023,2023,9,22,England,Devon and Severn,Taw,Inner,51.08012603,-4.064865969,55,01/02/2021,01/04/2021,265,2,6,163,102
TA23_B14,147,82,66,2.46,TA,22/09/2023,2023,9,22,England,Devon and Severn,Taw,Inner,51.08012603,-4.064865969,55,01/02/2021,01/04/2021,265,2,6,155,110
TA23_B15,154,80,50,1.104,TA,22/09/2023,2023,9,22,England,Devon and Severn,Taw,Inner,51.08012603,-4.064865969,55,01/02/2021,01/04/2021,265,2,6,162,103
TA23_B17,156,80,91,7.045,TA,22/09/2023,2023,9,22,England,Devon and Severn,Taw,Inner,51.08012603,-4.064865969,55,01/02/2021,01/04/2021,265,2,6,164,101
TG22_B01,115,63,71,3.943,TG,24/08/2022,2022,8,24,England,Kent and Essex,Thames,Inner,51.4739375,0.3157975,72.475,01/02/2021,01/04/2021,236,2,6,123,113
TG22_B11,106,67,46,0.92,TG,24/08/2022,2022,8,24,England,Kent and Essex,Thames,Inner,51.4739375,0.3157975,72.475,01/02/2021,01/04/2021,236,2,6,114,122
TG22_B12,127,59,64,2.565,TG,24/08/2022,2022,8,24,England,Kent and Essex,Thames,Inner,51.4739375,0.3157975,72.475,01/02/2021,01/04/2021,236,2,6,135,101
TG22_B14,119,55,55,1.494,TG,24/08/2022,2022,8,24,England,Kent and Essex,Thames,Inner,51.4739375,0.3157975,72.475,01/02/2021,01/04/2021,236,2,6,127,109
TG22_B15,129,75,75,4.009,TG,24/08/2022,2022,8,24,England,Kent and Essex,Thames,Inner,51.4739375,0.3157975,72.475,01/02/2021,01/04/2021,236,2,6,137,99
TG22_B20,120,74,64,2.539,TG,24/08/2022,2022,8,24,England,Kent and Essex,Thames,Inner,51.4739375,0.3157975,72.475,01/02/2021,01/04/2021,236,2,6,128,108
TG23_B07,151,57,87,7.286,TG,15/09/2023,2023,9,15,England,Kent and Essex,Thames,Inner,51.47399,0.315855,69.975,01/02/2021,01/04/2021,258,2,6,159,99
TG23_B09,176,55,86,6.688,TG,15/09/2023,2023,9,15,England,Kent and Essex,Thames,Inner,51.47399,0.315855,69.975,01/02/2021,01/04/2021,258,2,6,184,74
TG23_B10,173,54,94,8.042,TG,15/09/2023,2023,9,15,England,Kent and Essex,Thames,Inner,51.47399,0.315855,69.975,01/02/2021,01/04/2021,258,2,6,181,77
TG23_B11,158,81,74,3.644,TG,15/09/2023,2023,9,15,England,Kent and Essex,Thames,Inner,51.47399,0.315855,69.975,01/02/2021,01/04/2021,258,2,6,166,92
TG23_B12,156,64,83,6.254,TG,15/09/2023,2023,9,15,England,Kent and Essex,Thames,Inner,51.47399,0.315855,69.975,01/02/2021,01/04/2021,258,2,6,164,94
TG23_B13,140,58,92,7.874,TG,15/09/2023,2023,9,15,England,Kent and Essex,Thames,Inner,51.47399,0.315855,69.975,01/02/2021,01/04/2021,258,2,6,148,110
TS22_B09,94,45,57,1.272,TS,24/08/2022,2022,8,24,England,Kent and Essex,Thames,Outer,51.504805,0.452815,NA,01/02/2021,01/04/2021,236,2,6,102,134
TS22_B10,137,63,63,2.701,TS,24/08/2022,2022,8,24,England,Kent and Essex,Thames,Outer,51.504805,0.452815,NA,01/02/2021,01/04/2021,236,2,6,145,91
TS22_B11,144,66,83,7.544,TS,24/08/2022,2022,8,24,England,Kent and Essex,Thames,Outer,51.504805,0.452815,NA,01/02/2021,01/04/2021,236,2,6,152,84
TS23_B01,159,71,88,6.83,TS,15/09/2023,2023,9,15,England,Kent and Essex,Thames,Outer,51.504232,0.448301,73.29,01/02/2021,01/04/2021,258,2,6,167,91
TS23_B02,128,55,83,6.165,TS,15/09/2023,2023,9,15,England,Kent and Essex,Thames,Outer,51.504232,0.448301,73.29,01/02/2021,01/04/2021,258,2,6,136,122
UA22_B02,149,85,62,2.399,UA,31/08/2022,2022,8,31,England,Sussex,Adur,Inner,50.84056375,-0.28942125,69.25,01/02/2021,01/04/2021,243,2,6,157,86
UA22_B03,142,88,55,1.911,UA,31/08/2022,2022,8,31,England,Sussex,Adur,Inner,50.84056375,-0.28942125,69.25,01/02/2021,01/04/2021,243,2,6,150,93
UA22_B04,158,95,59,1.82,UA,31/08/2022,2022,8,31,England,Sussex,Adur,Inner,50.84056375,-0.28942125,69.25,01/02/2021,01/04/2021,243,2,6,166,77
UA22_B05,158,86,72,4.163,UA,31/08/2022,2022,8,31,England,Sussex,Adur,Inner,50.84056375,-0.28942125,69.25,01/02/2021,01/04/2021,243,2,6,166,77
UA22_B06,172,101,74,4.216,UA,31/08/2022,2022,8,31,England,Sussex,Adur,Inner,50.84056375,-0.28942125,69.25,01/02/2021,01/04/2021,243,2,6,180,63
US22_B11,121,72,52,1.245,US,10/10/2022,2022,10,10,England,Kent and Essex,Stour Kent,Inner,51.30819375,1.35335625,59.25,01/02/2021,01/04/2021,283,2,6,129,154
US22_B12,150,80,59,1.895,US,10/10/2022,2022,10,10,England,Kent and Essex,Stour Kent,Inner,51.30819375,1.35335625,59.25,01/02/2021,01/04/2021,283,2,6,158,125
US22_B13,143,81,62,2.651,US,10/10/2022,2022,10,10,England,Kent and Essex,Stour Kent,Inner,51.30819375,1.35335625,59.25,01/02/2021,01/04/2021,283,2,6,151,132
US22_B15,121,55,47,1.013,US,10/10/2022,2022,10,10,England,Kent and Essex,Stour Kent,Inner,51.30819375,1.35335625,59.25,01/02/2021,01/04/2021,283,2,6,129,154
US23_B02,110,77,40,0.697,US,17/08/2023,2023,8,17,England,Kent and Essex,Stour Kent,Inner,51.314758,1.359028,70.5,01/02/2021,01/04/2021,229,2,6,118,111
US23_B03,108,61,45,0.989,US,17/08/2023,2023,8,17,England,Kent and Essex,Stour Kent,Inner,51.314758,1.359028,70.5,01/02/2021,01/04/2021,229,2,6,116,113
US23_B04,127,78,45,0.892,US,17/08/2023,2023,8,17,England,Kent and Essex,Stour Kent,Inner,51.314758,1.359028,70.5,01/02/2021,01/04/2021,229,2,6,135,94
US23_B06,103,67,38,0.848,US,17/08/2023,2023,8,17,England,Kent and Essex,Stour Kent,Inner,51.314758,1.359028,70.5,01/02/2021,01/04/2021,229,2,6,111,118
WI22_B01,147,90,91,7.199,WI,23/08/2022,2022,8,23,England,Kent and Essex,Colne,Inner,51.854062,0.958344,72.42,01/02/2021,01/04/2021,235,2,6,155,80
WI22_B02,138,70,54,1.662,WI,23/08/2022,2022,8,23,England,Kent and Essex,Colne,Inner,51.854062,0.958344,72.42,01/02/2021,01/04/2021,235,2,6,146,89
WI22_B07,78,48,41,0.575,WI,23/08/2022,2022,8,23,England,Kent and Essex,Colne,Inner,51.854062,0.958344,72.42,01/02/2021,01/04/2021,235,2,6,86,149
WI22_B13,91,58,54,1.519,WI,23/08/2022,2022,8,23,England,Kent and Essex,Colne,Inner,51.854062,0.958344,72.42,01/02/2021,01/04/2021,235,2,6,99,136
WI22_B15,92,53,49,1.117,WI,23/08/2022,2022,8,23,England,Kent and Essex,Colne,Inner,51.854062,0.958344,72.42,01/02/2021,01/04/2021,235,2,6,100,135
WI22_B16,91,52,46,0.865,WI,23/08/2022,2022,8,23,England,Kent and Essex,Colne,Inner,51.854062,0.958344,72.42,01/02/2021,01/04/2021,235,2,6,99,136
WI22_B17,102,58,58,1.941,WI,23/08/2022,2022,8,23,England,Kent and Essex,Colne,Inner,51.854062,0.958344,72.42,01/02/2021,01/04/2021,235,2,6,110,125
WI22_B18,140,88,73,3.496,WI,23/08/2022,2022,8,23,England,Kent and Essex,Colne,Inner,51.854062,0.958344,72.42,01/02/2021,01/04/2021,235,2,6,148,87
WI23_B02,122,65,43,0.803,WI,14/08/2023,2023,8,14,England,Kent and Essex,Colne,Inner,51.854104,0.958386,68.3,01/02/2021,01/04/2021,226,2,6,130,96
WI23_B04,97,54,52,1.4,WI,14/08/2023,2023,8,14,England,Kent and Essex,Colne,Inner,51.854104,0.958386,68.3,01/02/2021,01/04/2021,226,2,6,105,121
WI23_B06,131,59,41,0.662,WI,14/08/2023,2023,8,14,England,Kent and Essex,Colne,Inner,51.854104,0.958386,68.3,01/02/2021,01/04/2021,226,2,6,139,87
WI23_B07,99,57,41,0.696,WI,14/08/2023,2023,8,14,England,Kent and Essex,Colne,Inner,51.854104,0.958386,68.3,01/02/2021,01/04/2021,226,2,6,107,119
WI23_B09,89,58,39,0.522,WI,14/08/2023,2023,8,14,England,Kent and Essex,Colne,Inner,51.854104,0.958386,68.3,01/02/2021,01/04/2021,226,2,6,97,129
WI23_B11,90,51,35,0.393,WI,14/08/2023,2023,8,14,England,Kent and Essex,Colne,Inner,51.854104,0.958386,68.3,01/02/2021,01/04/2021,226,2,6,98,128
WI23_B12,108,82,35,0.397,WI,14/08/2023,2023,8,14,England,Kent and Essex,Colne,Inner,51.854104,0.958386,68.3,01/02/2021,01/04/2021,226,2,6,116,110
WI23_B13,88,57,33,0.339,WI,14/08/2023,2023,8,14,England,Kent and Essex,Colne,Inner,51.854104,0.958386,68.3,01/02/2021,01/04/2021,226,2,6,96,130
WI23_B15,103,71,35,0.338,WI,14/08/2023,2023,8,14,England,Kent and Essex,Colne,Inner,51.854104,0.958386,68.3,01/02/2021,01/04/2021,226,2,6,111,115
WV23_B17,123,62,56,1.082,WV,20/09/2023,2023,9,20,England,Kent and Essex,Colne,Inner,51.85220375,0.96433875,63.775,01/02/2021,01/04/2021,263,2,6,131,132
WW23_B01,163,88,71,3.498,WW,31/08/2023,2023,8,31,England,Southern,Chichester Harbour,Outer,50.78129,-0.91150875,63.1625,01/02/2021,01/04/2021,243,2,6,171,72
WW23_B02,134,55,55,1.838,WW,31/08/2023,2023,8,31,England,Southern,Chichester Harbour,Outer,50.78129,-0.91150875,63.1625,01/02/2021,01/04/2021,243,2,6,142,101
WW23_B04,152,80,56,2.413,WW,31/08/2023,2023,8,31,England,Southern,Chichester Harbour,Outer,50.78129,-0.91150875,63.1625,01/02/2021,01/04/2021,243,2,6,160,83
WW23_B05,167,98,67,2.91,WW,31/08/2023,2023,8,31,England,Southern,Chichester Harbour,Outer,50.78129,-0.91150875,63.1625,01/02/2021,01/04/2021,243,2,6,175,68
FRA_BDM_001,159,58.5,122,12.65,FRA_BDM,18/09/2020,2020,9,18,France,NA,Mont St_Michel,NA,48.67109,-1.524965,NA,01/02/2021,01/04/2021,262,2,6,167,95
FRA_BDM_002,160,62.5,95,5.88,FRA_BDM,18/09/2020,2020,9,18,France,NA,Mont St_Michel,NA,48.67109,-1.524965,NA,01/02/2021,01/04/2021,262,2,6,168,94
FRA_BDM_005,154,64.5,92,5.84,FRA_BDM,18/09/2020,2020,9,18,France,NA,Mont St_Michel,NA,48.67109,-1.524965,NA,01/02/2021,01/04/2021,262,2,6,162,100
FRA_BDM_006,130.5,52.5,86,4.61,FRA_BDM,18/09/2020,2020,9,18,France,NA,Mont St_Michel,NA,48.67109,-1.524965,NA,01/02/2021,01/04/2021,262,2,6,138.5,123.5
FRA_BDM_007,153,61.5,101,7.83,FRA_BDM,18/09/2020,2020,9,18,France,NA,Mont St_Michel,NA,48.67109,-1.524965,NA,01/02/2021,01/04/2021,262,2,6,161,101
FRA_BDM_008,161,64,110,9.61,FRA_BDM,18/09/2020,2020,9,18,France,NA,Mont St_Michel,NA,48.67109,-1.524965,NA,01/02/2021,01/04/2021,262,2,6,169,93
FRA_BDM_009,147.5,79.5,77,3.49,FRA_BDM,18/09/2020,2020,9,18,France,NA,Mont St_Michel,NA,48.67109,-1.524965,NA,01/02/2021,01/04/2021,262,2,6,155.5,106.5
FRA_BDM_010,129.5,56,96,6.17,FRA_BDM,18/09/2020,2020,9,18,France,NA,Mont St_Michel,NA,48.67109,-1.524965,NA,01/02/2021,01/04/2021,262,2,6,137.5,124.5
FRA_BDM_011,151.5,55.5,91,5.46,FRA_BDM,18/09/2020,2020,9,18,France,NA,Mont St_Michel,NA,48.67109,-1.524965,NA,01/02/2021,01/04/2021,262,2,6,159.5,102.5
FRA_BDM_013,139,67.5,92,5.82,FRA_BDM,18/09/2020,2020,9,18,France,NA,Mont St_Michel,NA,48.67109,-1.524965,NA,01/02/2021,01/04/2021,262,2,6,147,115
FRA_BDM_014,150.5,65,83,3.88,FRA_BDM,18/09/2020,2020,9,18,France,NA,Mont St_Michel,NA,48.67109,-1.524965,NA,01/02/2021,01/04/2021,262,2,6,158.5,103.5
FRA_BDM_015,158.5,76.5,91,5.23,FRA_BDM,18/09/2020,2020,9,18,France,NA,Mont St_Michel,NA,48.67109,-1.524965,NA,01/02/2021,01/04/2021,262,2,6,166.5,95.5
FRA_BDM_016,155,61.5,99,7.03,FRA_BDM,18/09/2020,2020,9,18,France,NA,Mont St_Michel,NA,48.67109,-1.524965,NA,01/02/2021,01/04/2021,262,2,6,163,99
FRA_BDM_017,135,50,103,8.04,FRA_BDM,18/09/2020,2020,9,18,France,NA,Mont St_Michel,NA,48.67109,-1.524965,NA,01/02/2021,01/04/2021,262,2,6,143,119
FRA_BDM_018,148.5,71.5,75,2.88,FRA_BDM,18/09/2020,2020,9,18,France,NA,Mont St_Michel,NA,48.67109,-1.524965,NA,01/02/2021,01/04/2021,262,2,6,156.5,105.5
FRA_BDM_021,162,68,99,7.84,FRA_BDM,18/09/2020,2020,9,18,France,NA,Mont St_Michel,NA,48.67109,-1.524965,NA,01/02/2021,01/04/2021,262,2,6,170,92
FRA_BDM_024,125.5,47,92,5.92,FRA_BDM,18/09/2020,2020,9,18,France,NA,Mont St_Michel,NA,48.67109,-1.524965,NA,01/02/2021,01/04/2021,262,2,6,133.5,128.5
FRA_BDM_025,155,68.5,84,3.92,FRA_BDM,18/09/2020,2020,9,18,France,NA,Mont St_Michel,NA,48.67109,-1.524965,NA,01/02/2021,01/04/2021,262,2,6,163,99
FRA_BDM_027,156,68.5,109,8.7,FRA_BDM,18/09/2020,2020,9,18,France,NA,Mont St_Michel,NA,48.67109,-1.524965,NA,01/02/2021,01/04/2021,262,2,6,164,98
FRA_BDM_028,160,92,68,2.06,FRA_BDM,18/09/2020,2020,9,18,France,NA,Mont St_Michel,NA,48.67109,-1.524965,NA,01/02/2021,01/04/2021,262,2,6,168,94
FRA_BDM_030,153.5,66,86,4.5,FRA_BDM,18/09/2020,2020,9,18,France,NA,Mont St_Michel,NA,48.67109,-1.524965,NA,01/02/2021,01/04/2021,262,2,6,161.5,100.5
FRA_BDM_031,162,71,100,7.66,FRA_BDM,18/09/2020,2020,9,18,France,NA,Mont St_Michel,NA,48.67109,-1.524965,NA,01/02/2021,01/04/2021,262,2,6,170,92
FRA_BDM_032,149.5,69.5,86,4.56,FRA_BDM,18/09/2020,2020,9,18,France,NA,Mont St_Michel,NA,48.67109,-1.524965,NA,01/02/2021,01/04/2021,262,2,6,157.5,104.5
FRA_BDM_034,160.5,92,66,2.05,FRA_BDM,18/09/2020,2020,9,18,France,NA,Mont St_Michel,NA,48.67109,-1.524965,NA,01/02/2021,01/04/2021,262,2,6,168.5,93.5
FRA_BDM_035,142.5,74.5,78,3.34,FRA_BDM,18/09/2020,2020,9,18,France,NA,Mont St_Michel,NA,48.67109,-1.524965,NA,01/02/2021,01/04/2021,262,2,6,150.5,111.5
FRA_BDM_036,124.5,63,70,2.32,FRA_BDM,18/09/2020,2020,9,18,France,NA,Mont St_Michel,NA,48.67109,-1.524965,NA,01/02/2021,01/04/2021,262,2,6,132.5,129.5
FRA_BDM_039,146,72.5,72,2.49,FRA_BDM,18/09/2020,2020,9,18,France,NA,Mont St_Michel,NA,48.67109,-1.524965,NA,01/02/2021,01/04/2021,262,2,6,154,108
FRA_BDM_040,128,63.5,72,2.52,FRA_BDM,18/09/2020,2020,9,18,France,NA,Mont St_Michel,NA,48.67109,-1.524965,NA,01/02/2021,01/04/2021,262,2,6,136,126
FRA_BDM_041,150,63.5,69,2.26,FRA_BDM,18/09/2020,2020,9,18,France,NA,Mont St_Michel,NA,48.67109,-1.524965,NA,01/02/2021,01/04/2021,262,2,6,158,104
FRA_BDM_043,152,60.5,90,5.25,FRA_BDM,18/09/2020,2020,9,18,France,NA,Mont St_Michel,NA,48.67109,-1.524965,NA,01/02/2021,01/04/2021,262,2,6,160,102
FRA_BDM_044,142.5,67,76,3.36,FRA_BDM,18/09/2020,2020,9,18,France,NA,Mont St_Michel,NA,48.67109,-1.524965,NA,01/02/2021,01/04/2021,262,2,6,150.5,111.5
FRA_BDM_047,133,72,72,2.56,FRA_BDM,18/09/2020,2020,9,18,France,NA,Mont St_Michel,NA,48.67109,-1.524965,NA,01/02/2021,01/04/2021,262,2,6,141,121
FRA_SEV_002,170.5,70,129,14.75,FRA_SEV,08/10/2020,2020,10,8,France,NA,Sevre,NA,46.238914,-1.227211,NA,01/02/2021,01/04/2021,282,2,6,178.5,103.5
FRA_SEV_003,221,79.5,125,13.66,FRA_SEV,08/10/2020,2020,10,8,France,NA,Sevre,NA,46.238914,-1.227211,NA,01/02/2021,01/04/2021,282,2,6,229,53
FRA_SEV_009,227.5,104.5,137,18.91,FRA_SEV,08/10/2020,2020,10,8,France,NA,Sevre,NA,46.238914,-1.227211,NA,01/02/2021,01/04/2021,282,2,6,235.5,46.5
FRA_SEV_011,186.5,53,135,17.4,FRA_SEV,08/10/2020,2020,10,8,France,NA,Sevre,NA,46.238914,-1.227211,NA,01/02/2021,01/04/2021,282,2,6,194.5,87.5
FRA_SEV_012,181.5,60,124,12.89,FRA_SEV,08/10/2020,2020,10,8,France,NA,Sevre,NA,46.238914,-1.227211,NA,01/02/2021,01/04/2021,282,2,6,189.5,92.5
FRA_SEV_013,165,73,115,11.42,FRA_SEV,08/10/2020,2020,10,8,France,NA,Sevre,NA,46.238914,-1.227211,NA,01/02/2021,01/04/2021,282,2,6,173,109
FRA_SEV_016,152.5,64.5,122,13.36,FRA_SEV,08/10/2020,2020,10,8,France,NA,Sevre,NA,46.238914,-1.227211,NA,01/02/2021,01/04/2021,282,2,6,160.5,121.5
FRA_SEV_017,173.5,63,116,11.32,FRA_SEV,08/10/2020,2020,10,8,France,NA,Sevre,NA,46.238914,-1.227211,NA,01/02/2021,01/04/2021,282,2,6,181.5,100.5
FRA_SEV_018,181,57,99,7.25,FRA_SEV,08/10/2020,2020,10,8,France,NA,Sevre,NA,46.238914,-1.227211,NA,01/02/2021,01/04/2021,282,2,6,189,93
FRA_SEV_019,208.5,71.5,147,20.3,FRA_SEV,08/10/2020,2020,10,8,France,NA,Sevre,NA,46.238914,-1.227211,NA,01/02/2021,01/04/2021,282,2,6,216.5,65.5
FRA_SEV_020,173.5,69.5,116,11.45,FRA_SEV,08/10/2020,2020,10,8,France,NA,Sevre,NA,46.238914,-1.227211,NA,01/02/2021,01/04/2021,282,2,6,181.5,100.5
FRA_SEV_021,169,61,114,10.54,FRA_SEV,08/10/2020,2020,10,8,France,NA,Sevre,NA,46.238914,-1.227211,NA,01/02/2021,01/04/2021,282,2,6,177,105
FRA_SEV_023,210,71.5,112,10.73,FRA_SEV,08/10/2020,2020,10,8,France,NA,Sevre,NA,46.238914,-1.227211,NA,01/02/2021,01/04/2021,282,2,6,218,64
FRA_SEV_024,203,60,141,21.82,FRA_SEV,08/10/2020,2020,10,8,France,NA,Sevre,NA,46.238914,-1.227211,NA,01/02/2021,01/04/2021,282,2,6,211,71
FRA_SEV_026,235,55,131,17.5,FRA_SEV,08/10/2020,2020,10,8,France,NA,Sevre,NA,46.238914,-1.227211,NA,01/02/2021,01/04/2021,282,2,6,243,39
FRA_SEV_027,197,58.5,125,13.47,FRA_SEV,08/10/2020,2020,10,8,France,NA,Sevre,NA,46.238914,-1.227211,NA,01/02/2021,01/04/2021,282,2,6,205,77
FRA_SEV_028,187,71.5,117,13.79,FRA_SEV,08/10/2020,2020,10,8,France,NA,Sevre,NA,46.238914,-1.227211,NA,01/02/2021,01/04/2021,282,2,6,195,87
FRA_SEV_033,219,96.5,149,25.1,FRA_SEV,08/10/2020,2020,10,8,France,NA,Sevre,NA,46.238914,-1.227211,NA,01/02/2021,01/04/2021,282,2,6,227,55
FRA_SEV_034,170,62,131,16.5,FRA_SEV,08/10/2020,2020,10,8,France,NA,Sevre,NA,46.238914,-1.227211,NA,01/02/2021,01/04/2021,282,2,6,178,104
FRA_SEV_036,185,42,133,18.06,FRA_SEV,08/10/2020,2020,10,8,France,NA,Sevre,NA,46.238914,-1.227211,NA,01/02/2021,01/04/2021,282,2,6,193,89
FRA_SEV_037,194,68.5,125,13.91,FRA_SEV,08/10/2020,2020,10,8,France,NA,Sevre,NA,46.238914,-1.227211,NA,01/02/2021,01/04/2021,282,2,6,202,80
FRA_SEV_038,210,78,113,10.68,FRA_SEV,08/10/2020,2020,10,8,France,NA,Sevre,NA,46.238914,-1.227211,NA,01/02/2021,01/04/2021,282,2,6,218,64
FRA_SEV_039,150.5,52,98,7.97,FRA_SEV,08/10/2020,2020,10,8,France,NA,Sevre,NA,46.238914,-1.227211,NA,01/02/2021,01/04/2021,282,2,6,158.5,123.5
FRA_SEV_040,182.5,64.5,108,9.05,FRA_SEV,08/10/2020,2020,10,8,France,NA,Sevre,NA,46.238914,-1.227211,NA,01/02/2021,01/04/2021,282,2,6,190.5,91.5
FRA_SEV_041,163.5,54,112,9.78,FRA_SEV,08/10/2020,2020,10,8,France,NA,Sevre,NA,46.238914,-1.227211,NA,01/02/2021,01/04/2021,282,2,6,171.5,110.5
FRA_SEV_046,140,58.5,69,2.33,FRA_SEV,08/10/2020,2020,10,8,France,NA,Sevre,NA,46.238914,-1.227211,NA,01/02/2021,01/04/2021,282,2,6,148,134
FRA_SEV_047,134,50.5,61,1.54,FRA_SEV,08/10/2020,2020,10,8,France,NA,Sevre,NA,46.238914,-1.227211,NA,01/02/2021,01/04/2021,282,2,6,142,140
FRA_SEV_048,114.5,43,68,2.17,FRA_SEV,08/10/2020,2020,10,8,France,NA,Sevre,NA,46.238914,-1.227211,NA,01/02/2021,01/04/2021,282,2,6,122.5,159.5
FRA_SEV_049,109.5,41.5,60,1.82,FRA_SEV,08/10/2020,2020,10,8,France,NA,Sevre,NA,46.238914,-1.227211,NA,01/02/2021,01/04/2021,282,2,6,117.5,164.5
FRA_SEV_050,124,43.5,61,1.85,FRA_SEV,08/10/2020,2020,10,8,France,NA,Sevre,NA,46.238914,-1.227211,NA,01/02/2021,01/04/2021,282,2,6,132,150
FRA_SEV_051,118,41.5,52,1.3,FRA_SEV,08/10/2020,2020,10,8,France,NA,Sevre,NA,46.238914,-1.227211,NA,01/02/2021,01/04/2021,282,2,6,126,156
FRA_SEV_052,128.5,43,55,1.13,FRA_SEV,08/10/2020,2020,10,8,France,NA,Sevre,NA,46.238914,-1.227211,NA,01/02/2021,01/04/2021,282,2,6,136.5,145.5
FRA_VEY_010,176,84,118,11.9,FRA_VEY,21/09/2020,2020,9,21,France,NA,Veys bay,NA,49.40816,-1.11908,NA,01/02/2021,01/04/2021,265,2,6,184,81
FRA_VEY_012,207,98,107,9.85,FRA_VEY,21/09/2020,2020,9,21,France,NA,Veys bay,NA,49.40816,-1.11908,NA,01/02/2021,01/04/2021,265,2,6,215,50
FRA_VEY_014,194.5,94,107,9.78,FRA_VEY,21/09/2020,2020,9,21,France,NA,Veys bay,NA,49.40816,-1.11908,NA,01/02/2021,01/04/2021,265,2,6,202.5,62.5
FRA_VEY_015,184,88,111,10.12,FRA_VEY,21/09/2020,2020,9,21,France,NA,Veys bay,NA,49.40816,-1.11908,NA,01/02/2021,01/04/2021,265,2,6,192,73
FRA_VEY_016,184,88.5,102,7.84,FRA_VEY,21/09/2020,2020,9,21,France,NA,Veys bay,NA,49.40816,-1.11908,NA,01/02/2021,01/04/2021,265,2,6,192,73
FRA_VEY_019,175,75.5,104,8.09,FRA_VEY,21/09/2020,2020,9,21,France,NA,Veys bay,NA,49.40816,-1.11908,NA,01/02/2021,01/04/2021,265,2,6,183,82
FRA_VEY_021,184,86.5,101,6.67,FRA_VEY,21/09/2020,2020,9,21,France,NA,Veys bay,NA,49.40816,-1.11908,NA,01/02/2021,01/04/2021,265,2,6,192,73
FRA_VEY_022,181.5,89.5,96,6.58,FRA_VEY,21/09/2020,2020,9,21,France,NA,Veys bay,NA,49.40816,-1.11908,NA,01/02/2021,01/04/2021,265,2,6,189.5,75.5
FRA_VEY_023,154.5,68.5,100,7.1,FRA_VEY,21/09/2020,2020,9,21,France,NA,Veys bay,NA,49.40816,-1.11908,NA,01/02/2021,01/04/2021,265,2,6,162.5,102.5
FRA_VEY_026,174,78,85,4.41,FRA_VEY,21/09/2020,2020,9,21,France,NA,Veys bay,NA,49.40816,-1.11908,NA,01/02/2021,01/04/2021,265,2,6,182,83
FRA_VEY_027,170.5,85.5,81,4.58,FRA_VEY,21/09/2020,2020,9,21,France,NA,Veys bay,NA,49.40816,-1.11908,NA,01/02/2021,01/04/2021,265,2,6,178.5,86.5
FRA_VEY_028,150.5,68,78,3.66,FRA_VEY,21/09/2020,2020,9,21,France,NA,Veys bay,NA,49.40816,-1.11908,NA,01/02/2021,01/04/2021,265,2,6,158.5,106.5
FRA_VEY_029,194,108.5,83,4.42,FRA_VEY,21/09/2020,2020,9,21,France,NA,Veys bay,NA,49.40816,-1.11908,NA,01/02/2021,01/04/2021,265,2,6,202,63
FRA_VEY_030,199,97,94,5.72,FRA_VEY,21/09/2020,2020,9,21,France,NA,Veys bay,NA,49.40816,-1.11908,NA,01/02/2021,01/04/2021,265,2,6,207,58
FRA_VEY_031,171.5,95,83,3.86,FRA_VEY,21/09/2020,2020,9,21,France,NA,Veys bay,NA,49.40816,-1.11908,NA,01/02/2021,01/04/2021,265,2,6,179.5,85.5
FRA_VEY_034,151,59,77,3.3,FRA_VEY,21/09/2020,2020,9,21,France,NA,Veys bay,NA,49.40816,-1.11908,NA,01/02/2021,01/04/2021,265,2,6,159,106
FRA_VEY_035,156.5,83.5,76,3.78,FRA_VEY,21/09/2020,2020,9,21,France,NA,Veys bay,NA,49.40816,-1.11908,NA,01/02/2021,01/04/2021,265,2,6,164.5,100.5
FRA_VEY_036,173,89.5,81,4.39,FRA_VEY,21/09/2020,2020,9,21,France,NA,Veys bay,NA,49.40816,-1.11908,NA,01/02/2021,01/04/2021,265,2,6,181,84
FRA_VEY_037,160.5,66,83,4.52,FRA_VEY,21/09/2020,2020,9,21,France,NA,Veys bay,NA,49.40816,-1.11908,NA,01/02/2021,01/04/2021,265,2,6,168.5,96.5
FRA_VEY_038,177,83,97,6.43,FRA_VEY,21/09/2020,2020,9,21,France,NA,Veys bay,NA,49.40816,-1.11908,NA,01/02/2021,01/04/2021,265,2,6,185,80
FRA_VEY_039,146,62,85,5.03,FRA_VEY,21/09/2020,2020,9,21,France,NA,Veys bay,NA,49.40816,-1.11908,NA,01/02/2021,01/04/2021,265,2,6,154,111
FRA_VEY_040,160.5,86.5,61,1.61,FRA_VEY,21/09/2020,2020,9,21,France,NA,Veys bay,NA,49.40816,-1.11908,NA,01/02/2021,01/04/2021,265,2,6,168.5,96.5
FRA_VEY_041,157.5,79.5,74,2.71,FRA_VEY,21/09/2020,2020,9,21,France,NA,Veys bay,NA,49.40816,-1.11908,NA,01/02/2021,01/04/2021,265,2,6,165.5,99.5
FRA_VEY_043,162,76.5,81,3.6,FRA_VEY,21/09/2020,2020,9,21,France,NA,Veys bay,NA,49.40816,-1.11908,NA,01/02/2021,01/04/2021,265,2,6,170,95
FRA_VEY_044,139,57,87,5.05,FRA_VEY,21/09/2020,2020,9,21,France,NA,Veys bay,NA,49.40816,-1.11908,NA,01/02/2021,01/04/2021,265,2,6,147,118
FRA_VEY_045,164,76.5,76,3.12,FRA_VEY,21/09/2020,2020,9,21,France,NA,Veys bay,NA,49.40816,-1.11908,NA,01/02/2021,01/04/2021,265,2,6,172,93
FRA_VEY_046,154.5,80.5,71,2.43,FRA_VEY,21/09/2020,2020,9,21,France,NA,Veys bay,NA,49.40816,-1.11908,NA,01/02/2021,01/04/2021,265,2,6,162.5,102.5
FRA_VEY_047,134.5,60.5,78,3.4,FRA_VEY,21/09/2020,2020,9,21,France,NA,Veys bay,NA,49.40816,-1.11908,NA,01/02/2021,01/04/2021,265,2,6,142.5,122.5
FRA_VEY_050,201.5,109.5,92,5.36,FRA_VEY,21/09/2020,2020,9,21,France,NA,Veys bay,NA,49.40816,-1.11908,NA,01/02/2021,01/04/2021,265,2,6,209.5,55.5
FRA_VEY_051,158,89,78,3.55,FRA_VEY,21/09/2020,2020,9,21,France,NA,Veys bay,NA,49.40816,-1.11908,NA,01/02/2021,01/04/2021,265,2,6,166,99
FRA_VEY_052,160,91.5,64,1.69,FRA_VEY,21/09/2020,2020,9,21,France,NA,Veys bay,NA,49.40816,-1.11908,NA,01/02/2021,01/04/2021,265,2,6,168,97
FRA_VEY_053,168,109.5,64,1.58,FRA_VEY,21/09/2020,2020,9,21,France,NA,Veys bay,NA,49.40816,-1.11908,NA,01/02/2021,01/04/2021,265,2,6,176,89
FRA_VEY_054,162,101.5,64,1.75,FRA_VEY,21/09/2020,2020,9,21,France,NA,Veys bay,NA,49.40816,-1.11908,NA,01/02/2021,01/04/2021,265,2,6,170,95
FRA_VEY_055,127,78,48,0.78,FRA_VEY,21/09/2020,2020,9,21,France,NA,Veys bay,NA,49.40816,-1.11908,NA,01/02/2021,01/04/2021,265,2,6,135,130
FRA_VEY_056,162,92,76,3.03,FRA_VEY,21/09/2020,2020,9,21,France,NA,Veys bay,NA,49.40816,-1.11908,NA,01/02/2021,01/04/2021,265,2,6,170,95
FRA_LEG_001,178.5,78.5,101,6.59,FRA_LEG,29/10/2020,2020,10,29,France,NA,Leguer,NA,48.739521,-3.584688,NA,01/02/2021,01/04/2021,303,2,6,186.5,116.5
FRA_LEG_003,137,68,75,2.68,FRA_LEG,29/10/2020,2020,10,29,France,NA,Leguer,NA,48.739521,-3.584688,NA,01/02/2021,01/04/2021,303,2,6,145,158
FRA_LEG_004,157.5,75.5,94,5.18,FRA_LEG,29/10/2020,2020,10,29,France,NA,Leguer,NA,48.739521,-3.584688,NA,01/02/2021,01/04/2021,303,2,6,165.5,137.5
FRA_LEG_005,161.5,76,85,4.46,FRA_LEG,29/10/2020,2020,10,29,France,NA,Leguer,NA,48.739521,-3.584688,NA,01/02/2021,01/04/2021,303,2,6,169.5,133.5
FRA_LEG_006,145.5,64.5,76,2.7,FRA_LEG,29/10/2020,2020,10,29,France,NA,Leguer,NA,48.739521,-3.584688,NA,01/02/2021,01/04/2021,303,2,6,153.5,149.5
FRA_LEG_007,150.5,65,77,2.83,FRA_LEG,29/10/2020,2020,10,29,France,NA,Leguer,NA,48.739521,-3.584688,NA,01/02/2021,01/04/2021,303,2,6,158.5,144.5
FRA_LEG_008,172.5,78,73,2.55,FRA_LEG,29/10/2020,2020,10,29,France,NA,Leguer,NA,48.739521,-3.584688,NA,01/02/2021,01/04/2021,303,2,6,180.5,122.5
FRA_LEG_009,156,63,76,3.06,FRA_LEG,29/10/2020,2020,10,29,France,NA,Leguer,NA,48.739521,-3.584688,NA,01/02/2021,01/04/2021,303,2,6,164,139
FRA_LEG_010,150,58.5,78,3.11,FRA_LEG,29/10/2020,2020,10,29,France,NA,Leguer,NA,48.739521,-3.584688,NA,01/02/2021,01/04/2021,303,2,6,158,145
FRA_LEG_011,144.5,55.5,62,1.58,FRA_LEG,29/10/2020,2020,10,29,France,NA,Leguer,NA,48.739521,-3.584688,NA,01/02/2021,01/04/2021,303,2,6,152.5,150.5
FRA_LEG_012,168.5,65,79,3.22,FRA_LEG,29/10/2020,2020,10,29,France,NA,Leguer,NA,48.739521,-3.584688,NA,01/02/2021,01/04/2021,303,2,6,176.5,126.5
FRA_LEG_013,135.5,59,65,1.89,FRA_LEG,29/10/2020,2020,10,29,France,NA,Leguer,NA,48.739521,-3.584688,NA,01/02/2021,01/04/2021,303,2,6,143.5,159.5
FRA_LEG_014,146.5,70.5,74,2.52,FRA_LEG,29/10/2020,2020,10,29,France,NA,Leguer,NA,48.739521,-3.584688,NA,01/02/2021,01/04/2021,303,2,6,154.5,148.5
FRA_LEG_015,165,74.5,98,6.44,FRA_LEG,29/10/2020,2020,10,29,France,NA,Leguer,NA,48.739521,-3.584688,NA,01/02/2021,01/04/2021,303,2,6,173,130
FRA_LEG_016,148.5,67,67,2,FRA_LEG,29/10/2020,2020,10,29,France,NA,Leguer,NA,48.739521,-3.584688,NA,01/02/2021,01/04/2021,303,2,6,156.5,146.5
FRA_LEG_018,148.5,62.5,55,1.12,FRA_LEG,29/10/2020,2020,10,29,France,NA,Leguer,NA,48.739521,-3.584688,NA,01/02/2021,01/04/2021,303,2,6,156.5,146.5
FRA_LEG_019,148.5,70.5,61,1.37,FRA_LEG,29/10/2020,2020,10,29,France,NA,Leguer,NA,48.739521,-3.584688,NA,01/02/2021,01/04/2021,303,2,6,156.5,146.5
FRA_LEG_020,156,59.5,53,0.95,FRA_LEG,29/10/2020,2020,10,29,France,NA,Leguer,NA,48.739521,-3.584688,NA,01/02/2021,01/04/2021,303,2,6,164,139
FRA_ORN_002,158.5,60.5,115,10.46,FRA_ORN,06/10/2020,2020,10,6,France,NA,Orne,NA,49.3219684,-0.2331326,NA,01/02/2021,01/04/2021,280,2,6,166.5,113.5
FRA_ORN_004,191.5,81,93,6.49,FRA_ORN,06/10/2020,2020,10,6,France,NA,Orne,NA,49.3219684,-0.2331326,NA,01/02/2021,01/04/2021,280,2,6,199.5,80.5
FRA_ORN_006,151.5,69,98,7.11,FRA_ORN,06/10/2020,2020,10,6,France,NA,Orne,NA,49.3219684,-0.2331326,NA,01/02/2021,01/04/2021,280,2,6,159.5,120.5
FRA_ORN_007,167,54,97,6.96,FRA_ORN,06/10/2020,2020,10,6,France,NA,Orne,NA,49.3219684,-0.2331326,NA,01/02/2021,01/04/2021,280,2,6,175,105
FRA_ORN_009,147.5,49.5,85,4.26,FRA_ORN,06/10/2020,2020,10,6,France,NA,Orne,NA,49.3219684,-0.2331326,NA,01/02/2021,01/04/2021,280,2,6,155.5,124.5
FRA_ORN_010,174.5,79,118,12.06,FRA_ORN,06/10/2020,2020,10,6,France,NA,Orne,NA,49.3219684,-0.2331326,NA,01/02/2021,01/04/2021,280,2,6,182.5,97.5
FRA_ORN_012,191,70.5,86,5.01,FRA_ORN,06/10/2020,2020,10,6,France,NA,Orne,NA,49.3219684,-0.2331326,NA,01/02/2021,01/04/2021,280,2,6,199,81
FRA_ORN_013,220,83.5,85,5.51,FRA_ORN,06/10/2020,2020,10,6,France,NA,Orne,NA,49.3219684,-0.2331326,NA,01/02/2021,01/04/2021,280,2,6,228,52
FRA_ORN_014,150.5,72.5,76,3.57,FRA_ORN,06/10/2020,2020,10,6,France,NA,Orne,NA,49.3219684,-0.2331326,NA,01/02/2021,01/04/2021,280,2,6,158.5,121.5
FRA_ORN_015,185.5,73,83,4.24,FRA_ORN,06/10/2020,2020,10,6,France,NA,Orne,NA,49.3219684,-0.2331326,NA,01/02/2021,01/04/2021,280,2,6,193.5,86.5
FRA_ORN_018,184.5,72,75,2.36,FRA_ORN,06/10/2020,2020,10,6,France,NA,Orne,NA,49.3219684,-0.2331326,NA,01/02/2021,01/04/2021,280,2,6,192.5,87.5
FRA_ORN_020,190,70,81,3.89,FRA_ORN,06/10/2020,2020,10,6,France,NA,Orne,NA,49.3219684,-0.2331326,NA,01/02/2021,01/04/2021,280,2,6,198,82
FRA_ORN_021,238,85,83,4.33,FRA_ORN,06/10/2020,2020,10,6,France,NA,Orne,NA,49.3219684,-0.2331326,NA,01/02/2021,01/04/2021,280,2,6,246,34
FRA_ORN_022,148.5,50.5,81,3.78,FRA_ORN,06/10/2020,2020,10,6,France,NA,Orne,NA,49.3219684,-0.2331326,NA,01/02/2021,01/04/2021,280,2,6,156.5,123.5
FRA_ORN_025,150.5,51,70,2.52,FRA_ORN,06/10/2020,2020,10,6,France,NA,Orne,NA,49.3219684,-0.2331326,NA,01/02/2021,01/04/2021,280,2,6,158.5,121.5
FRA_ORN_026,192.5,93,79,4.11,FRA_ORN,06/10/2020,2020,10,6,France,NA,Orne,NA,49.3219684,-0.2331326,NA,01/02/2021,01/04/2021,280,2,6,200.5,79.5
FRA_ORN_027,175.5,85.5,77,3.82,FRA_ORN,06/10/2020,2020,10,6,France,NA,Orne,NA,49.3219684,-0.2331326,NA,01/02/2021,01/04/2021,280,2,6,183.5,96.5
FRA_ORN_028,181.5,47.5,80,3.77,FRA_ORN,06/10/2020,2020,10,6,France,NA,Orne,NA,49.3219684,-0.2331326,NA,01/02/2021,01/04/2021,280,2,6,189.5,90.5
FRA_ORN_029,185,92.5,76,3.07,FRA_ORN,06/10/2020,2020,10,6,France,NA,Orne,NA,49.3219684,-0.2331326,NA,01/02/2021,01/04/2021,280,2,6,193,87
FRA_ORN_032,168.5,69,69,2.5,FRA_ORN,06/10/2020,2020,10,6,France,NA,Orne,NA,49.3219684,-0.2331326,NA,01/02/2021,01/04/2021,280,2,6,176.5,103.5
FRA_ORN_033,131.5,48,74,2.39,FRA_ORN,06/10/2020,2020,10,6,France,NA,Orne,NA,49.3219684,-0.2331326,NA,01/02/2021,01/04/2021,280,2,6,139.5,140.5
FRA_ORN_034,180.5,78,79,3.19,FRA_ORN,06/10/2020,2020,10,6,France,NA,Orne,NA,49.3219684,-0.2331326,NA,01/02/2021,01/04/2021,280,2,6,188.5,91.5
FRA_ORN_035,160.5,60,95,4.97,FRA_ORN,06/10/2020,2020,10,6,France,NA,Orne,NA,49.3219684,-0.2331326,NA,01/02/2021,01/04/2021,280,2,6,168.5,111.5
FRA_ORN_036,172,79.5,80,3.79,FRA_ORN,06/10/2020,2020,10,6,France,NA,Orne,NA,49.3219684,-0.2331326,NA,01/02/2021,01/04/2021,280,2,6,180,100
FRA_ORN_037,177.5,99,68,2.46,FRA_ORN,06/10/2020,2020,10,6,France,NA,Orne,NA,49.3219684,-0.2331326,NA,01/02/2021,01/04/2021,280,2,6,185.5,94.5
FRA_ORN_038,159.5,61,69,2.77,FRA_ORN,06/10/2020,2020,10,6,France,NA,Orne,NA,49.3219684,-0.2331326,NA,01/02/2021,01/04/2021,280,2,6,167.5,112.5
FRA_ORN_039,191.5,85.5,82,5.09,FRA_ORN,06/10/2020,2020,10,6,France,NA,Orne,NA,49.3219684,-0.2331326,NA,01/02/2021,01/04/2021,280,2,6,199.5,80.5
FRA_ORN_040,154.5,47,68,2.82,FRA_ORN,06/10/2020,2020,10,6,France,NA,Orne,NA,49.3219684,-0.2331326,NA,01/02/2021,01/04/2021,280,2,6,162.5,117.5
FRA_ORN_042,153.5,73.5,71,2.48,FRA_ORN,06/10/2020,2020,10,6,France,NA,Orne,NA,49.3219684,-0.2331326,NA,01/02/2021,01/04/2021,280,2,6,161.5,118.5
FRA_ORN_044,182,90,62,1.95,FRA_ORN,06/10/2020,2020,10,6,France,NA,Orne,NA,49.3219684,-0.2331326,NA,01/02/2021,01/04/2021,280,2,6,190,90
FRA_SOM_001,178,66.5,72,3.2,FRA_SOM,06/10/2020,2020,10,6,France,NA,Somme,NA,50.251795,1.484957,NA,01/02/2021,01/04/2021,280,2,6,186,94
FRA_SOM_002,188.5,95,106,10.6,FRA_SOM,01/10/2020,2020,10,1,France,NA,Somme,NA,50.251795,1.484957,NA,01/02/2021,01/04/2021,275,2,6,196.5,78.5
FRA_SOM_004,156.5,81.5,81,4.23,FRA_SOM,01/10/2020,2020,10,1,France,NA,Somme,NA,50.251795,1.484957,NA,01/02/2021,01/04/2021,275,2,6,164.5,110.5
FRA_SOM_006,144.5,75,93,7.29,FRA_SOM,01/10/2020,2020,10,1,France,NA,Somme,NA,50.251795,1.484957,NA,01/02/2021,01/04/2021,275,2,6,152.5,122.5
FRA_SOM_007,147.5,78,69,2.83,FRA_SOM,01/10/2020,2020,10,1,France,NA,Somme,NA,50.251795,1.484957,NA,01/02/2021,01/04/2021,275,2,6,155.5,119.5
FRA_SOM_009,162.5,77,109,11.75,FRA_SOM,01/10/2020,2020,10,1,France,NA,Somme,NA,50.251795,1.484957,NA,01/02/2021,01/04/2021,275,2,6,170.5,104.5
FRA_SOM_010,169,93.5,91,6.45,FRA_SOM,01/10/2020,2020,10,1,France,NA,Somme,NA,50.251795,1.484957,NA,01/02/2021,01/04/2021,275,2,6,177,98
FRA_SOM_011,156,76.5,79,4.04,FRA_SOM,01/10/2020,2020,10,1,France,NA,Somme,NA,50.251795,1.484957,NA,01/02/2021,01/04/2021,275,2,6,164,111
FRA_SOM_012,149.5,70,80,3.82,FRA_SOM,01/10/2020,2020,10,1,France,NA,Somme,NA,50.251795,1.484957,NA,01/02/2021,01/04/2021,275,2,6,157.5,117.5
FRA_SOM_013,144.5,73,87,5.18,FRA_SOM,01/10/2020,2020,10,1,France,NA,Somme,NA,50.251795,1.484957,NA,01/02/2021,01/04/2021,275,2,6,152.5,122.5
FRA_SOM_014,134.5,58.5,73,3.05,FRA_SOM,01/10/2020,2020,10,1,France,NA,Somme,NA,50.251795,1.484957,NA,01/02/2021,01/04/2021,275,2,6,142.5,132.5
FRA_SOM_015,184,104.5,84,4.83,FRA_SOM,01/10/2020,2020,10,1,France,NA,Somme,NA,50.251795,1.484957,NA,01/02/2021,01/04/2021,275,2,6,192,83
FRA_SOM_016,161.5,81.5,87,4.96,FRA_SOM,01/10/2020,2020,10,1,France,NA,Somme,NA,50.251795,1.484957,NA,01/02/2021,01/04/2021,275,2,6,169.5,105.5
FRA_SOM_017,170.5,92,96,7.15,FRA_SOM,01/10/2020,2020,10,1,France,NA,Somme,NA,50.251795,1.484957,NA,01/02/2021,01/04/2021,275,2,6,178.5,96.5
FRA_SOM_018,158.5,85.5,76,3.53,FRA_SOM,01/10/2020,2020,10,1,France,NA,Somme,NA,50.251795,1.484957,NA,01/02/2021,01/04/2021,275,2,6,166.5,108.5
FRA_SOM_019,183,97,103,9.04,FRA_SOM,01/10/2020,2020,10,1,France,NA,Somme,NA,50.251795,1.484957,NA,01/02/2021,01/04/2021,275,2,6,191,84
FRA_SOM_020,182.5,95.5,93,7.05,FRA_SOM,01/10/2020,2020,10,1,France,NA,Somme,NA,50.251795,1.484957,NA,01/02/2021,01/04/2021,275,2,6,190.5,84.5
FRA_SOM_021,156.5,82.5,78,3.86,FRA_SOM,01/10/2020,2020,10,1,France,NA,Somme,NA,50.251795,1.484957,NA,01/02/2021,01/04/2021,275,2,6,164.5,110.5
FRA_SOM_022,151.5,62,92,6.1,FRA_SOM,01/10/2020,2020,10,1,France,NA,Somme,NA,50.251795,1.484957,NA,01/02/2021,01/04/2021,275,2,6,159.5,115.5
FRA_SOM_023,133,59.5,74,2.79,FRA_SOM,01/10/2020,2020,10,1,France,NA,Somme,NA,50.251795,1.484957,NA,01/02/2021,01/04/2021,275,2,6,141,134
FRA_SOM_024,144.5,62,88,4.71,FRA_SOM,01/10/2020,2020,10,1,France,NA,Somme,NA,50.251795,1.484957,NA,01/02/2021,01/04/2021,275,2,6,152.5,122.5
FRA_SOM_025,128,63.5,67,2.25,FRA_SOM,01/10/2020,2020,10,1,France,NA,Somme,NA,50.251795,1.484957,NA,01/02/2021,01/04/2021,275,2,6,136,139
FRA_SOM_029,147.5,79.5,81,3.5,FRA_SOM,01/10/2020,2020,10,1,France,NA,Somme,NA,50.251795,1.484957,NA,01/02/2021,01/04/2021,275,2,6,155.5,119.5
FRA_SOM_031,132.5,68,62,1.69,FRA_SOM,01/10/2020,2020,10,1,France,NA,Somme,NA,50.251795,1.484957,NA,01/02/2021,01/04/2021,275,2,6,140.5,134.5
FRA_SOM_046,172,84.5,104,9.48,FRA_SOM,01/10/2020,2020,10,1,France,NA,Somme,NA,50.251795,1.484957,NA,01/02/2021,01/04/2021,275,2,6,180,95
FRA_SOM_048,132.5,73,96,7.55,FRA_SOM,01/10/2020,2020,10,1,France,NA,Somme,NA,50.251795,1.484957,NA,01/02/2021,01/04/2021,275,2,6,140.5,134.5
FRA_SOM_049,165,68,110,11.62,FRA_SOM,01/10/2020,2020,10,1,France,NA,Somme,NA,50.251795,1.484957,NA,01/02/2021,01/04/2021,275,2,6,173,102
FRA_SOM_051,175.5,82,108,10.72,FRA_SOM,01/10/2020,2020,10,1,France,NA,Somme,NA,50.251795,1.484957,NA,01/02/2021,01/04/2021,275,2,6,183.5,91.5
FRA_SOM_052,202.5,99.5,109,10.79,FRA_SOM,01/10/2020,2020,10,1,France,NA,Somme,NA,50.251795,1.484957,NA,01/02/2021,01/04/2021,275,2,6,210.5,64.5
FRA_SOM_053,187,102.5,100,7.99,FRA_SOM,01/10/2020,2020,10,1,France,NA,Somme,NA,50.251795,1.484957,NA,01/02/2021,01/04/2021,275,2,6,195,80
FRA_SOM_054,162.5,68,105,10.24,FRA_SOM,01/10/2020,2020,10,1,France,NA,Somme,NA,50.251795,1.484957,NA,01/02/2021,01/04/2021,275,2,6,170.5,104.5
FRA_SOM_055,180,75.5,116,14.09,FRA_SOM,01/10/2020,2020,10,1,France,NA,Somme,NA,50.251795,1.484957,NA,01/02/2021,01/04/2021,275,2,6,188,87
FRA_SOM_056,165,77.5,100,8.62,FRA_SOM,01/10/2020,2020,10,1,France,NA,Somme,NA,50.251795,1.484957,NA,01/02/2021,01/04/2021,275,2,6,173,102
FRA_BDM_213,186.5,86.5,117,9.195,FRA_BDM,07/10/2021,2021,10,7,France,NA,Mont St_Michel,NA,48.67109,-1.524965,NA,01/02/2021,01/04/2021,280,2,6,194.5,85.5
FRA_BDM_214,157.5,72,94,6.474,FRA_BDM,07/10/2021,2021,10,7,France,NA,Mont St_Michel,NA,48.67109,-1.524965,NA,01/02/2021,01/04/2021,280,2,6,165.5,114.5
FRA_BDM_215,170,78,96,6.339,FRA_BDM,07/10/2021,2021,10,7,France,NA,Mont St_Michel,NA,48.67109,-1.524965,NA,01/02/2021,01/04/2021,280,2,6,178,102
FRA_BDM_217,180.5,76,106,8.942,FRA_BDM,07/10/2021,2021,10,7,France,NA,Mont St_Michel,NA,48.67109,-1.524965,NA,01/02/2021,01/04/2021,280,2,6,188.5,91.5
FRA_BDM_219,179.5,84.5,105,8.699,FRA_BDM,07/10/2021,2021,10,7,France,NA,Mont St_Michel,NA,48.67109,-1.524965,NA,01/02/2021,01/04/2021,280,2,6,187.5,92.5
FRA_BDM_221,176,71,98,6.67,FRA_BDM,07/10/2021,2021,10,7,France,NA,Mont St_Michel,NA,48.67109,-1.524965,NA,01/02/2021,01/04/2021,280,2,6,184,96
FRA_BDM_222,173.5,66,105,8.147,FRA_BDM,07/10/2021,2021,10,7,France,NA,Mont St_Michel,NA,48.67109,-1.524965,NA,01/02/2021,01/04/2021,280,2,6,181.5,98.5
FRA_BDM_225,169.5,73.5,103,7.819,FRA_BDM,07/10/2021,2021,10,7,France,NA,Mont St_Michel,NA,48.67109,-1.524965,NA,01/02/2021,01/04/2021,280,2,6,177.5,102.5
FRA_BDM_226,147,61.5,95,6.241,FRA_BDM,07/10/2021,2021,10,7,France,NA,Mont St_Michel,NA,48.67109,-1.524965,NA,01/02/2021,01/04/2021,280,2,6,155,125
FRA_BDM_229,172.5,75,114,8.495,FRA_BDM,07/10/2021,2021,10,7,France,NA,Mont St_Michel,NA,48.67109,-1.524965,NA,01/02/2021,01/04/2021,280,2,6,180.5,99.5
FRA_BDM_230,178,83,98,6.762,FRA_BDM,07/10/2021,2021,10,7,France,NA,Mont St_Michel,NA,48.67109,-1.524965,NA,01/02/2021,01/04/2021,280,2,6,186,94
FRA_BDM_231,174,77.5,99,6.774,FRA_BDM,07/10/2021,2021,10,7,France,NA,Mont St_Michel,NA,48.67109,-1.524965,NA,01/02/2021,01/04/2021,280,2,6,182,98
FRA_BDM_232,154.5,57,99,6.654,FRA_BDM,07/10/2021,2021,10,7,France,NA,Mont St_Michel,NA,48.67109,-1.524965,NA,01/02/2021,01/04/2021,280,2,6,162.5,117.5
FRA_BDM_234,188,74,118,8.072,FRA_BDM,07/10/2021,2021,10,7,France,NA,Mont St_Michel,NA,48.67109,-1.524965,NA,01/02/2021,01/04/2021,280,2,6,196,84
FRA_BDM_235,156.5,75.5,95,6.592,FRA_BDM,07/10/2021,2021,10,7,France,NA,Mont St_Michel,NA,48.67109,-1.524965,NA,01/02/2021,01/04/2021,280,2,6,164.5,115.5
FRA_BDM_236,151.5,68.5,85,4.193,FRA_BDM,07/10/2021,2021,10,7,France,NA,Mont St_Michel,NA,48.67109,-1.524965,NA,01/02/2021,01/04/2021,280,2,6,159.5,120.5
FRA_BDM_237,157.5,72,95,5.81,FRA_BDM,07/10/2021,2021,10,7,France,NA,Mont St_Michel,NA,48.67109,-1.524965,NA,01/02/2021,01/04/2021,280,2,6,165.5,114.5
FRA_BDM_238,151,58,82,3.77,FRA_BDM,07/10/2021,2021,10,7,France,NA,Mont St_Michel,NA,48.67109,-1.524965,NA,01/02/2021,01/04/2021,280,2,6,159,121
FRA_BDM_239,159.5,75.5,94,5.22,FRA_BDM,07/10/2021,2021,10,7,France,NA,Mont St_Michel,NA,48.67109,-1.524965,NA,01/02/2021,01/04/2021,280,2,6,167.5,112.5
FRA_BDM_240,167.5,77,82,4.05,FRA_BDM,07/10/2021,2021,10,7,France,NA,Mont St_Michel,NA,48.67109,-1.524965,NA,01/02/2021,01/04/2021,280,2,6,175.5,104.5
FRA_BDM_241,167.5,65,94,6.153,FRA_BDM,07/10/2021,2021,10,7,France,NA,Mont St_Michel,NA,48.67109,-1.524965,NA,01/02/2021,01/04/2021,280,2,6,175.5,104.5
FRA_BDM_242,170.5,69,93,5.107,FRA_BDM,07/10/2021,2021,10,7,France,NA,Mont St_Michel,NA,48.67109,-1.524965,NA,01/02/2021,01/04/2021,280,2,6,178.5,101.5
FRA_BDM_243,159.5,67,83,4.484,FRA_BDM,07/10/2021,2021,10,7,France,NA,Mont St_Michel,NA,48.67109,-1.524965,NA,01/02/2021,01/04/2021,280,2,6,167.5,112.5
FRA_BDM_244,177,86.5,84,3.985,FRA_BDM,07/10/2021,2021,10,7,France,NA,Mont St_Michel,NA,48.67109,-1.524965,NA,01/02/2021,01/04/2021,280,2,6,185,95
FRA_BDM_246,162.5,67,83,4.339,FRA_BDM,07/10/2021,2021,10,7,France,NA,Mont St_Michel,NA,48.67109,-1.524965,NA,01/02/2021,01/04/2021,280,2,6,170.5,109.5
FRA_BDM_247,176.5,70,102,7.96,FRA_BDM,07/10/2021,2021,10,7,France,NA,Mont St_Michel,NA,48.67109,-1.524965,NA,01/02/2021,01/04/2021,280,2,6,184.5,95.5
FRA_BDM_248,184.5,91,94,5.873,FRA_BDM,07/10/2021,2021,10,7,France,NA,Mont St_Michel,NA,48.67109,-1.524965,NA,01/02/2021,01/04/2021,280,2,6,192.5,87.5
FRA_BDM_250,161.5,65.5,96,6.21,FRA_BDM,07/10/2021,2021,10,7,France,NA,Mont St_Michel,NA,48.67109,-1.524965,NA,01/02/2021,01/04/2021,280,2,6,169.5,110.5
FRA_BDM_251,174.5,76.5,119,9.37,FRA_BDM,07/10/2021,2021,10,7,France,NA,Mont St_Michel,NA,48.67109,-1.524965,NA,01/02/2021,01/04/2021,280,2,6,182.5,97.5
FRA_BDM_252,144,67.5,88,4.324,FRA_BDM,07/10/2021,2021,10,7,France,NA,Mont St_Michel,NA,48.67109,-1.524965,NA,01/02/2021,01/04/2021,280,2,6,152,128
FRA_LEG_061,161,77,82,3.458,FRA_LEG,06/11/2021,2021,11,6,France,NA,Leguer,NA,48.739521,-3.584688,NA,01/02/2021,01/04/2021,310,2,6,169,141
FRA_LEG_062,168.5,76.5,83,3.734,FRA_LEG,06/11/2021,2021,11,6,France,NA,Leguer,NA,48.739521,-3.584688,NA,01/02/2021,01/04/2021,310,2,6,176.5,133.5
FRA_LEG_063,188.5,81,92,5.22,FRA_LEG,06/11/2021,2021,11,6,France,NA,Leguer,NA,48.739521,-3.584688,NA,01/02/2021,01/04/2021,310,2,6,196.5,113.5
FRA_LEG_064,161,76,91,5.144,FRA_LEG,06/11/2021,2021,11,6,France,NA,Leguer,NA,48.739521,-3.584688,NA,01/02/2021,01/04/2021,310,2,6,169,141
FRA_LEG_065,126.5,63.5,80,3.467,FRA_LEG,06/11/2021,2021,11,6,France,NA,Leguer,NA,48.739521,-3.584688,NA,01/02/2021,01/04/2021,310,2,6,134.5,175.5
FRA_LEG_066,135,59,90,4.693,FRA_LEG,06/11/2021,2021,11,6,France,NA,Leguer,NA,48.739521,-3.584688,NA,01/02/2021,01/04/2021,310,2,6,143,167
FRA_LEG_067,162,77,90,5.006,FRA_LEG,06/11/2021,2021,11,6,France,NA,Leguer,NA,48.739521,-3.584688,NA,01/02/2021,01/04/2021,310,2,6,170,140
FRA_LEG_068,139.5,64,75,2.811,FRA_LEG,06/11/2021,2021,11,6,France,NA,Leguer,NA,48.739521,-3.584688,NA,01/02/2021,01/04/2021,310,2,6,147.5,162.5
FRA_LEG_069,140.5,71.5,82,3.898,FRA_LEG,06/11/2021,2021,11,6,France,NA,Leguer,NA,48.739521,-3.584688,NA,01/02/2021,01/04/2021,310,2,6,148.5,161.5
FRA_LEG_070,152,78,73,2.271,FRA_LEG,06/11/2021,2021,11,6,France,NA,Leguer,NA,48.739521,-3.584688,NA,01/02/2021,01/04/2021,310,2,6,160,150
FRA_ORN_124,180,75,65,2.033,FRA_ORN,27/09/2021,2021,9,27,France,NA,Orne,NA,49.3219684,-0.2331326,NA,01/02/2021,01/04/2021,270,2,6,188,82
FRA_ORN_125,166.5,82.5,59,1.55,FRA_ORN,27/09/2021,2021,9,27,France,NA,Orne,NA,49.3219684,-0.2331326,NA,01/02/2021,01/04/2021,270,2,6,174.5,95.5
FRA_ORN_126,141,56.5,59,1.647,FRA_ORN,27/09/2021,2021,9,27,France,NA,Orne,NA,49.3219684,-0.2331326,NA,01/02/2021,01/04/2021,270,2,6,149,121
FRA_ORN_128,149,70,63,1.893,FRA_ORN,27/09/2021,2021,9,27,France,NA,Orne,NA,49.3219684,-0.2331326,NA,01/02/2021,01/04/2021,270,2,6,157,113
FRA_ORN_129,183,95,66,2.127,FRA_ORN,27/09/2021,2021,9,27,France,NA,Orne,NA,49.3219684,-0.2331326,NA,01/02/2021,01/04/2021,270,2,6,191,79
FRA_ORN_130,164.5,68.5,70,2.558,FRA_ORN,27/09/2021,2021,9,27,France,NA,Orne,NA,49.3219684,-0.2331326,NA,01/02/2021,01/04/2021,270,2,6,172.5,97.5
FRA_ORN_131,151,68,64,2.185,FRA_ORN,27/09/2021,2021,9,27,France,NA,Orne,NA,49.3219684,-0.2331326,NA,01/02/2021,01/04/2021,270,2,6,159,111
FRA_ORN_132,161,89.5,65,2.046,FRA_ORN,27/09/2021,2021,9,27,France,NA,Orne,NA,49.3219684,-0.2331326,NA,01/02/2021,01/04/2021,270,2,6,169,101
FRA_ORN_133,155.5,76.5,64,2.048,FRA_ORN,27/09/2021,2021,9,27,France,NA,Orne,NA,49.3219684,-0.2331326,NA,01/02/2021,01/04/2021,270,2,6,163.5,106.5
FRA_ORN_134,155.5,76,58,1.549,FRA_ORN,27/09/2021,2021,9,27,France,NA,Orne,NA,49.3219684,-0.2331326,NA,01/02/2021,01/04/2021,270,2,6,163.5,106.5
FRA_ORN_135,127,51.5,57,1.512,FRA_ORN,27/09/2021,2021,9,27,France,NA,Orne,NA,49.3219684,-0.2331326,NA,01/02/2021,01/04/2021,270,2,6,135,135
FRA_ORN_138,152,74,65,2.095,FRA_ORN,27/09/2021,2021,9,27,France,NA,Orne,NA,49.3219684,-0.2331326,NA,01/02/2021,01/04/2021,270,2,6,160,110
FRA_ORN_139,150.5,62,63,1.767,FRA_ORN,27/09/2021,2021,9,27,France,NA,Orne,NA,49.3219684,-0.2331326,NA,01/02/2021,01/04/2021,270,2,6,158.5,111.5
FRA_ORN_141,149.5,64,56,1.616,FRA_ORN,27/09/2021,2021,9,27,France,NA,Orne,NA,49.3219684,-0.2331326,NA,01/02/2021,01/04/2021,270,2,6,157.5,112.5
FRA_ORN_142,123,47.5,60,1.493,FRA_ORN,27/09/2021,2021,9,27,France,NA,Orne,NA,49.3219684,-0.2331326,NA,01/02/2021,01/04/2021,270,2,6,131,139
FRA_ORN_143,107,41.5,53,1.18,FRA_ORN,27/09/2021,2021,9,27,France,NA,Orne,NA,49.3219684,-0.2331326,NA,01/02/2021,01/04/2021,270,2,6,115,155
FRA_ORN_144,124,61.5,61,1.637,FRA_ORN,27/09/2021,2021,9,27,France,NA,Orne,NA,49.3219684,-0.2331326,NA,01/02/2021,01/04/2021,270,2,6,132,138
FRA_ORN_145,143,71.5,56,1.36,FRA_ORN,27/09/2021,2021,9,27,France,NA,Orne,NA,49.3219684,-0.2331326,NA,01/02/2021,01/04/2021,270,2,6,151,119
FRA_ORN_146,170.5,78,65,2.208,FRA_ORN,27/09/2021,2021,9,27,France,NA,Orne,NA,49.3219684,-0.2331326,NA,01/02/2021,01/04/2021,270,2,6,178.5,91.5
FRA_ORN_147,152,70,61,1.553,FRA_ORN,27/09/2021,2021,9,27,France,NA,Orne,NA,49.3219684,-0.2331326,NA,01/02/2021,01/04/2021,270,2,6,160,110
FRA_ORN_150,146,72.5,65,1.921,FRA_ORN,27/09/2021,2021,9,27,France,NA,Orne,NA,49.3219684,-0.2331326,NA,01/02/2021,01/04/2021,270,2,6,154,116
FRA_ORN_152,153,65.5,55,1.22,FRA_ORN,27/09/2021,2021,9,27,France,NA,Orne,NA,49.3219684,-0.2331326,NA,01/02/2021,01/04/2021,270,2,6,161,109
FRA_ORN_154,158,85,65,2.144,FRA_ORN,27/09/2021,2021,9,27,France,NA,Orne,NA,49.3219684,-0.2331326,NA,01/02/2021,01/04/2021,270,2,6,166,104
FRA_ORN_155,124.5,51,66,2.197,FRA_ORN,27/09/2021,2021,9,27,France,NA,Orne,NA,49.3219684,-0.2331326,NA,01/02/2021,01/04/2021,270,2,6,132.5,137.5
FRA_ORN_156,145.5,65.5,61,1.598,FRA_ORN,27/09/2021,2021,9,27,France,NA,Orne,NA,49.3219684,-0.2331326,NA,01/02/2021,01/04/2021,270,2,6,153.5,116.5
FRA_ORN_158,118.5,55,52,1.005,FRA_ORN,27/09/2021,2021,9,27,France,NA,Orne,NA,49.3219684,-0.2331326,NA,01/02/2021,01/04/2021,270,2,6,126.5,143.5
FRA_ORN_159,131,67,64,1.835,FRA_ORN,27/09/2021,2021,9,27,France,NA,Orne,NA,49.3219684,-0.2331326,NA,01/02/2021,01/04/2021,270,2,6,139,131
FRA_ORN_160,185.5,72,64,1.797,FRA_ORN,27/09/2021,2021,9,27,France,NA,Orne,NA,49.3219684,-0.2331326,NA,01/02/2021,01/04/2021,270,2,6,193.5,76.5
FRA_ORN_161,164.5,69.5,72,2.888,FRA_ORN,27/09/2021,2021,9,27,France,NA,Orne,NA,49.3219684,-0.2331326,NA,01/02/2021,01/04/2021,270,2,6,172.5,97.5
FRA_ORN_163,100,42.5,45,0.702,FRA_ORN,27/09/2021,2021,9,27,France,NA,Orne,NA,49.3219684,-0.2331326,NA,01/02/2021,01/04/2021,270,2,6,108,162
FRA_ORN_164,113.5,59,41,0.416,FRA_ORN,27/09/2021,2021,9,27,France,NA,Orne,NA,49.3219684,-0.2331326,NA,01/02/2021,01/04/2021,270,2,6,121.5,148.5
FRA_SEV_129,190.5,61.5,120,13.24,FRA_SEV,13/11/2021,2021,11,13,France,NA,Sevre,NA,46.238914,-1.227211,NA,01/02/2021,01/04/2021,317,2,6,198.5,118.5
FRA_SEV_130,189.5,66,122,14.255,FRA_SEV,13/11/2021,2021,11,13,France,NA,Sevre,NA,46.238914,-1.227211,NA,01/02/2021,01/04/2021,317,2,6,197.5,119.5
FRA_SEV_131,180,66.5,122,14.956,FRA_SEV,13/11/2021,2021,11,13,France,NA,Sevre,NA,46.238914,-1.227211,NA,01/02/2021,01/04/2021,317,2,6,188,129
FRA_SEV_132,172,63,137,19.99,FRA_SEV,13/11/2021,2021,11,13,France,NA,Sevre,NA,46.238914,-1.227211,NA,01/02/2021,01/04/2021,317,2,6,180,137
FRA_SEV_133,175.5,61.5,135,19.861,FRA_SEV,13/11/2021,2021,11,13,France,NA,Sevre,NA,46.238914,-1.227211,NA,01/02/2021,01/04/2021,317,2,6,183.5,133.5
FRA_SEV_134,218.5,75,131,18.813,FRA_SEV,13/11/2021,2021,11,13,France,NA,Sevre,NA,46.238914,-1.227211,NA,01/02/2021,01/04/2021,317,2,6,226.5,90.5
FRA_SEV_135,179.5,71,119,13.341,FRA_SEV,13/11/2021,2021,11,13,France,NA,Sevre,NA,46.238914,-1.227211,NA,01/02/2021,01/04/2021,317,2,6,187.5,129.5
FRA_SEV_136,208,61.5,150,28.977,FRA_SEV,13/11/2021,2021,11,13,France,NA,Sevre,NA,46.238914,-1.227211,NA,01/02/2021,01/04/2021,317,2,6,216,101
FRA_SEV_137,183,63.5,135,19.636,FRA_SEV,13/11/2021,2021,11,13,France,NA,Sevre,NA,46.238914,-1.227211,NA,01/02/2021,01/04/2021,317,2,6,191,126
FRA_SEV_138,164,62.5,144,23.172,FRA_SEV,13/11/2021,2021,11,13,France,NA,Sevre,NA,46.238914,-1.227211,NA,01/02/2021,01/04/2021,317,2,6,172,145
FRA_SEV_140,219,80.5,136,22.36,FRA_SEV,13/11/2021,2021,11,13,France,NA,Sevre,NA,46.238914,-1.227211,NA,01/02/2021,01/04/2021,317,2,6,227,90
FRA_SEV_141,175,67.5,109,10.38,FRA_SEV,13/11/2021,2021,11,13,France,NA,Sevre,NA,46.238914,-1.227211,NA,01/02/2021,01/04/2021,317,2,6,183,134
FRA_SEV_142,153,51.5,140,22.481,FRA_SEV,13/11/2021,2021,11,13,France,NA,Sevre,NA,46.238914,-1.227211,NA,01/02/2021,01/04/2021,317,2,6,161,156
FRA_SEV_143,126,42.5,98,7.316,FRA_SEV,13/11/2021,2021,11,13,France,NA,Sevre,NA,46.238914,-1.227211,NA,01/02/2021,01/04/2021,317,2,6,134,183
FRA_SEV_144,180,74,134,18.24,FRA_SEV,13/11/2021,2021,11,13,France,NA,Sevre,NA,46.238914,-1.227211,NA,01/02/2021,01/04/2021,317,2,6,188,129
FRA_SEV_145,169,59,127,17.376,FRA_SEV,13/11/2021,2021,11,13,France,NA,Sevre,NA,46.238914,-1.227211,NA,01/02/2021,01/04/2021,317,2,6,177,140
FRA_SOM_168,150,74.5,80,3.851,FRA_SOM,22/09/2021,2021,9,22,France,NA,Somme,NA,50.251795,1.484957,NA,01/02/2021,01/04/2021,265,2,6,158,107
FRA_SOM_169,167.5,84,92,5.95,FRA_SOM,22/09/2021,2021,9,22,France,NA,Somme,NA,50.251795,1.484957,NA,01/02/2021,01/04/2021,265,2,6,175.5,89.5
FRA_SOM_170,139,69.5,80,3.973,FRA_SOM,22/09/2021,2021,9,22,France,NA,Somme,NA,50.251795,1.484957,NA,01/02/2021,01/04/2021,265,2,6,147,118
FRA_SOM_171,149,83,79,3.642,FRA_SOM,22/09/2021,2021,9,22,France,NA,Somme,NA,50.251795,1.484957,NA,01/02/2021,01/04/2021,265,2,6,157,108
FRA_SOM_172,107,59,66,1.976,FRA_SOM,22/09/2021,2021,9,22,France,NA,Somme,NA,50.251795,1.484957,NA,01/02/2021,01/04/2021,265,2,6,115,150
FRA_SOM_173,135,68.5,75,3.24,FRA_SOM,22/09/2021,2021,9,22,France,NA,Somme,NA,50.251795,1.484957,NA,01/02/2021,01/04/2021,265,2,6,143,122
FRA_SOM_174,136.5,76.5,78,3.403,FRA_SOM,22/09/2021,2021,9,22,France,NA,Somme,NA,50.251795,1.484957,NA,01/02/2021,01/04/2021,265,2,6,144.5,120.5
FRA_SOM_175,163.5,91.5,85,4.423,FRA_SOM,22/09/2021,2021,9,22,France,NA,Somme,NA,50.251795,1.484957,NA,01/02/2021,01/04/2021,265,2,6,171.5,93.5
FRA_SOM_176,135.5,50,72,2.697,FRA_SOM,22/09/2021,2021,9,22,France,NA,Somme,NA,50.251795,1.484957,NA,01/02/2021,01/04/2021,265,2,6,143.5,121.5
FRA_SOM_177,167,76,103,8.164,FRA_SOM,22/09/2021,2021,9,22,France,NA,Somme,NA,50.251795,1.484957,NA,01/02/2021,01/04/2021,265,2,6,175,90
FRA_SOM_178,150,88.5,80,3.623,FRA_SOM,22/09/2021,2021,9,22,France,NA,Somme,NA,50.251795,1.484957,NA,01/02/2021,01/04/2021,265,2,6,158,107
FRA_SOM_182,111.5,55,71,2.214,FRA_SOM,22/09/2021,2021,9,22,France,NA,Somme,NA,50.251795,1.484957,NA,01/02/2021,01/04/2021,265,2,6,119.5,145.5
FRA_SOM_183,145,71.5,71,2.646,FRA_SOM,22/09/2021,2021,9,22,France,NA,Somme,NA,50.251795,1.484957,NA,01/02/2021,01/04/2021,265,2,6,153,112
FRA_SOM_184,146.5,63.5,87,4.961,FRA_SOM,22/09/2021,2021,9,22,France,NA,Somme,NA,50.251795,1.484957,NA,01/02/2021,01/04/2021,265,2,6,154.5,110.5
FRA_SOM_185,125,57.5,79,3.646,FRA_SOM,22/09/2021,2021,9,22,France,NA,Somme,NA,50.251795,1.484957,NA,01/02/2021,01/04/2021,265,2,6,133,132
FRA_SOM_187,109.5,46,76,3.609,FRA_SOM,22/09/2021,2021,9,22,France,NA,Somme,NA,50.251795,1.484957,NA,01/02/2021,01/04/2021,265,2,6,117.5,147.5
FRA_SOM_188,113,42.5,81,4.074,FRA_SOM,22/09/2021,2021,9,22,France,NA,Somme,NA,50.251795,1.484957,NA,01/02/2021,01/04/2021,265,2,6,121,144
FRA_SOM_189,128.5,63.5,69,2.33,FRA_SOM,22/09/2021,2021,9,22,France,NA,Somme,NA,50.251795,1.484957,NA,01/02/2021,01/04/2021,265,2,6,136.5,128.5
FRA_SOM_190,89,36,60,1.403,FRA_SOM,22/09/2021,2021,9,22,France,NA,Somme,NA,50.251795,1.484957,NA,01/02/2021,01/04/2021,265,2,6,97,168
FRA_SOM_191,115.5,50.5,72,2.758,FRA_SOM,22/09/2021,2021,9,22,France,NA,Somme,NA,50.251795,1.484957,NA,01/02/2021,01/04/2021,265,2,6,123.5,141.5
FRA_SOM_192,119,53.5,75,2.887,FRA_SOM,22/09/2021,2021,9,22,France,NA,Somme,NA,50.251795,1.484957,NA,01/02/2021,01/04/2021,265,2,6,127,138
FRA_SOM_194,153.5,76,79,3.467,FRA_SOM,22/09/2021,2021,9,22,France,NA,Somme,NA,50.251795,1.484957,NA,01/02/2021,01/04/2021,265,2,6,161.5,103.5
FRA_SOM_195,110,41,70,2.394,FRA_SOM,22/09/2021,2021,9,22,France,NA,Somme,NA,50.251795,1.484957,NA,01/02/2021,01/04/2021,265,2,6,118,147
FRA_SOM_196,170,97,73,2.99,FRA_SOM,22/09/2021,2021,9,22,France,NA,Somme,NA,50.251795,1.484957,NA,01/02/2021,01/04/2021,265,2,6,178,87
FRA_SOM_197,177,96,70,2.694,FRA_SOM,22/09/2021,2021,9,22,France,NA,Somme,NA,50.251795,1.484957,NA,01/02/2021,01/04/2021,265,2,6,185,80
FRA_SOM_199,129,61,75,2.963,FRA_SOM,22/09/2021,2021,9,22,France,NA,Somme,NA,50.251795,1.484957,NA,01/02/2021,01/04/2021,265,2,6,137,128
FRA_SOM_201,164,94,79,3.427,FRA_SOM,22/09/2021,2021,9,22,France,NA,Somme,NA,50.251795,1.484957,NA,01/02/2021,01/04/2021,265,2,6,172,93
FRA_SOM_202,116.5,61,75,3.035,FRA_SOM,22/09/2021,2021,9,22,France,NA,Somme,NA,50.251795,1.484957,NA,01/02/2021,01/04/2021,265,2,6,124.5,140.5
FRA_SOM_203,109.5,52,64,1.821,FRA_SOM,22/09/2021,2021,9,22,France,NA,Somme,NA,50.251795,1.484957,NA,01/02/2021,01/04/2021,265,2,6,117.5,147.5
FRA_SOM_204,137.5,72,70,2.705,FRA_SOM,22/09/2021,2021,9,22,France,NA,Somme,NA,50.251795,1.484957,NA,01/02/2021,01/04/2021,265,2,6,145.5,119.5
FRA_SOM_205,132,75.5,65,2.103,FRA_SOM,22/09/2021,2021,9,22,France,NA,Somme,NA,50.251795,1.484957,NA,01/02/2021,01/04/2021,265,2,6,140,125
FRA_SOM_207,107.5,57.5,55,1.242,FRA_SOM,22/09/2021,2021,9,22,France,NA,Somme,NA,50.251795,1.484957,NA,01/02/2021,01/04/2021,265,2,6,115.5,149.5
FRA_VEY_140,149.5,56,86,5.108,FRA_VEY,15/09/2021,2021,9,15,France,NA,Veys bay,NA,49.40816,-1.11908,NA,01/02/2021,01/04/2021,258,2,6,157.5,100.5
FRA_VEY_141,172.5,79.5,85,3.947,FRA_VEY,15/09/2021,2021,9,15,France,NA,Veys bay,NA,49.40816,-1.11908,NA,01/02/2021,01/04/2021,258,2,6,180.5,77.5
FRA_VEY_142,164,85.5,77,3.018,FRA_VEY,15/09/2021,2021,9,15,France,NA,Veys bay,NA,49.40816,-1.11908,NA,01/02/2021,01/04/2021,258,2,6,172,86
FRA_VEY_144,138.5,63.5,77,3.382,FRA_VEY,15/09/2021,2021,9,15,France,NA,Veys bay,NA,49.40816,-1.11908,NA,01/02/2021,01/04/2021,258,2,6,146.5,111.5
FRA_VEY_145,185,75,80,4.001,FRA_VEY,15/09/2021,2021,9,15,France,NA,Veys bay,NA,49.40816,-1.11908,NA,01/02/2021,01/04/2021,258,2,6,193,65
FRA_VEY_146,181,81,93,6.315,FRA_VEY,15/09/2021,2021,9,15,France,NA,Veys bay,NA,49.40816,-1.11908,NA,01/02/2021,01/04/2021,258,2,6,189,69
FRA_VEY_149,144.5,71,79,3.511,FRA_VEY,15/09/2021,2021,9,15,France,NA,Veys bay,NA,49.40816,-1.11908,NA,01/02/2021,01/04/2021,258,2,6,152.5,105.5
FRA_VEY_150,182,85,81,4.105,FRA_VEY,15/09/2021,2021,9,15,France,NA,Veys bay,NA,49.40816,-1.11908,NA,01/02/2021,01/04/2021,258,2,6,190,68
FRA_VEY_152,152.5,72.5,94,6.451,FRA_VEY,15/09/2021,2021,9,15,France,NA,Veys bay,NA,49.40816,-1.11908,NA,01/02/2021,01/04/2021,258,2,6,160.5,97.5
FRA_VEY_153,156,77.5,71,2.642,FRA_VEY,15/09/2021,2021,9,15,France,NA,Veys bay,NA,49.40816,-1.11908,NA,01/02/2021,01/04/2021,258,2,6,164,94
FRA_VEY_155,161.5,79.5,74,2.978,FRA_VEY,15/09/2021,2021,9,15,France,NA,Veys bay,NA,49.40816,-1.11908,NA,01/02/2021,01/04/2021,258,2,6,169.5,88.5
FRA_VEY_156,164.5,88,71,2.63,FRA_VEY,15/09/2021,2021,9,15,France,NA,Veys bay,NA,49.40816,-1.11908,NA,01/02/2021,01/04/2021,258,2,6,172.5,85.5
FRA_VEY_157,116.5,68.5,68,2.31,FRA_VEY,15/09/2021,2021,9,15,France,NA,Veys bay,NA,49.40816,-1.11908,NA,01/02/2021,01/04/2021,258,2,6,124.5,133.5
FRA_VEY_159,146.5,81,71,2.637,FRA_VEY,15/09/2021,2021,9,15,France,NA,Veys bay,NA,49.40816,-1.11908,NA,01/02/2021,01/04/2021,258,2,6,154.5,103.5
FRA_VEY_160,145.5,80,74,2.941,FRA_VEY,15/09/2021,2021,9,15,France,NA,Veys bay,NA,49.40816,-1.11908,NA,01/02/2021,01/04/2021,258,2,6,153.5,104.5
FRA_VEY_161,186,97,74,3.369,FRA_VEY,15/09/2021,2021,9,15,France,NA,Veys bay,NA,49.40816,-1.11908,NA,01/02/2021,01/04/2021,258,2,6,194,64
FRA_VEY_162,169.5,94,62,1.85,FRA_VEY,15/09/2021,2021,9,15,France,NA,Veys bay,NA,49.40816,-1.11908,NA,01/02/2021,01/04/2021,258,2,6,177.5,80.5
FRA_VEY_163,139.5,79.5,71,3.205,FRA_VEY,15/09/2021,2021,9,15,France,NA,Veys bay,NA,49.40816,-1.11908,NA,01/02/2021,01/04/2021,258,2,6,147.5,110.5
FRA_VEY_165,153.5,79,77,3.485,FRA_VEY,15/09/2021,2021,9,15,France,NA,Veys bay,NA,49.40816,-1.11908,NA,01/02/2021,01/04/2021,258,2,6,161.5,96.5
FRA_VEY_166,155.5,89,72,2.701,FRA_VEY,15/09/2021,2021,9,15,France,NA,Veys bay,NA,49.40816,-1.11908,NA,01/02/2021,01/04/2021,258,2,6,163.5,94.5
FRA_VEY_167,145,84,70,2.56,FRA_VEY,15/09/2021,2021,9,15,France,NA,Veys bay,NA,49.40816,-1.11908,NA,01/02/2021,01/04/2021,258,2,6,153,105
FRA_VEY_168,140,78,78,3.318,FRA_VEY,15/09/2021,2021,9,15,France,NA,Veys bay,NA,49.40816,-1.11908,NA,01/02/2021,01/04/2021,258,2,6,148,110
FRA_VEY_169,156.5,80,77,3.312,FRA_VEY,15/09/2021,2021,9,15,France,NA,Veys bay,NA,49.40816,-1.11908,NA,01/02/2021,01/04/2021,258,2,6,164.5,93.5
FRA_VEY_170,159.5,76,81,4.894,FRA_VEY,15/09/2021,2021,9,15,France,NA,Veys bay,NA,49.40816,-1.11908,NA,01/02/2021,01/04/2021,258,2,6,167.5,90.5
FRA_VEY_172,148.5,80.5,71,2.503,FRA_VEY,15/09/2021,2021,9,15,France,NA,Veys bay,NA,49.40816,-1.11908,NA,01/02/2021,01/04/2021,258,2,6,156.5,101.5
FRA_VEY_173,137.5,77.5,65,1.741,FRA_VEY,15/09/2021,2021,9,15,France,NA,Veys bay,NA,49.40816,-1.11908,NA,01/02/2021,01/04/2021,258,2,6,145.5,112.5
FRA_VEY_174,152.5,79.5,59,1.395,FRA_VEY,15/09/2021,2021,9,15,France,NA,Veys bay,NA,49.40816,-1.11908,NA,01/02/2021,01/04/2021,258,2,6,160.5,97.5
FRA_VEY_175,131,72.5,58,1.219,FRA_VEY,15/09/2021,2021,9,15,France,NA,Veys bay,NA,49.40816,-1.11908,NA,01/02/2021,01/04/2021,258,2,6,139,119
FRA_VEY_176,134.5,75.5,61,1.649,FRA_VEY,15/09/2021,2021,9,15,France,NA,Veys bay,NA,49.40816,-1.11908,NA,01/02/2021,01/04/2021,258,2,6,142.5,115.5
FRA_VEY_177,160,91.5,68,2.356,FRA_VEY,15/09/2021,2021,9,15,France,NA,Veys bay,NA,49.40816,-1.11908,NA,01/02/2021,01/04/2021,258,2,6,168,90
CA_04_08_01,90,83,24.264,0.123,CA,04/08/2021,2021,8,4,Wales,N.Wales,Y Foryd,NA,53.105289,-4.311025,NA,01/02/2021,01/04/2021,216,2,6,98,118
CA_04_08_03,97,88,31.547,0.288,CA,04/08/2021,2021,8,4,Wales,N.Wales,Y Foryd,NA,53.105289,-4.311025,NA,01/02/2021,01/04/2021,216,2,6,105,111
CA_04_08_04,79,70,24.518,0.115,CA,04/08/2021,2021,8,4,Wales,N.Wales,Y Foryd,NA,53.105289,-4.311025,NA,01/02/2021,01/04/2021,216,2,6,87,129
CA_04_08_05,76,74,26.865,0.159,CA,04/08/2021,2021,8,4,Wales,N.Wales,Y Foryd,NA,53.105289,-4.311025,NA,01/02/2021,01/04/2021,216,2,6,84,132
CA_04_08_06,81,77,24.776,0.11,CA,04/08/2021,2021,8,4,Wales,N.Wales,Y Foryd,NA,53.105289,-4.311025,NA,01/02/2021,01/04/2021,216,2,6,89,127
CA_04_08_07,102,92,28.957,0.231,CA,04/08/2021,2021,8,4,Wales,N.Wales,Y Foryd,NA,53.105289,-4.311025,NA,01/02/2021,01/04/2021,216,2,6,110,106
CA_04_08_08,76,73,24.382,0.099,CA,04/08/2021,2021,8,4,Wales,N.Wales,Y Foryd,NA,53.105289,-4.311025,NA,01/02/2021,01/04/2021,216,2,6,84,132
CA_04_08_10,68,76,22.664,0.065,CA,04/08/2021,2021,8,4,Wales,N.Wales,Y Foryd,NA,53.105289,-4.311025,NA,01/02/2021,01/04/2021,216,2,6,76,140
CA_04_08_12,95,103,26.445,0.134,CA,04/08/2021,2021,8,4,Wales,N.Wales,Y Foryd,NA,53.105289,-4.311025,NA,01/02/2021,01/04/2021,216,2,6,103,113
CA_04_08_13,74,82,23.268,0.089,CA,04/08/2021,2021,8,4,Wales,N.Wales,Y Foryd,NA,53.105289,-4.311025,NA,01/02/2021,01/04/2021,216,2,6,82,134
CA_04_08_14,100,93,30.521,0.278,CA,04/08/2021,2021,8,4,Wales,N.Wales,Y Foryd,NA,53.105289,-4.311025,NA,01/02/2021,01/04/2021,216,2,6,108,108
CA_04_08_16,83,82,26.988,0.18,CA,04/08/2021,2021,8,4,Wales,N.Wales,Y Foryd,NA,53.105289,-4.311025,NA,01/02/2021,01/04/2021,216,2,6,91,125
CA_04_08_17,73,65,25.146,0.125,CA,04/08/2021,2021,8,4,Wales,N.Wales,Y Foryd,NA,53.105289,-4.311025,NA,01/02/2021,01/04/2021,216,2,6,81,135
CA_04_08_19,74,66,22.701,0.091,CA,04/08/2021,2021,8,4,Wales,N.Wales,Y Foryd,NA,53.105289,-4.311025,NA,01/02/2021,01/04/2021,216,2,6,82,134
CA_04_08_20,92,86,27.642,0.173,CA,04/08/2021,2021,8,4,Wales,N.Wales,Y Foryd,NA,53.105289,-4.311025,NA,01/02/2021,01/04/2021,216,2,6,100,116
CA_04_08_21,74,82,20.102,0.035,CA,04/08/2021,2021,8,4,Wales,N.Wales,Y Foryd,NA,53.105289,-4.311025,NA,01/02/2021,01/04/2021,216,2,6,82,134
CA_04_08_22,76,84,24.443,0.121,CA,04/08/2021,2021,8,4,Wales,N.Wales,Y Foryd,NA,53.105289,-4.311025,NA,01/02/2021,01/04/2021,216,2,6,84,132
CA_04_08_23,80,75,23.269,0.082,CA,04/08/2021,2021,8,4,Wales,N.Wales,Y Foryd,NA,53.105289,-4.311025,NA,01/02/2021,01/04/2021,216,2,6,88,128
CA_04_08_24,79,76,22.406,0.082,CA,04/08/2021,2021,8,4,Wales,N.Wales,Y Foryd,NA,53.105289,-4.311025,NA,01/02/2021,01/04/2021,216,2,6,87,129
CA_04_08_25,80,88,20.444,0.043,CA,04/08/2021,2021,8,4,Wales,N.Wales,Y Foryd,NA,53.105289,-4.311025,NA,01/02/2021,01/04/2021,216,2,6,88,128
CA_04_08_26,87,80,25.974,0.131,CA,04/08/2021,2021,8,4,Wales,N.Wales,Y Foryd,NA,53.105289,-4.311025,NA,01/02/2021,01/04/2021,216,2,6,95,121
CA_04_08_27,74,67,18.775,0.034,CA,04/08/2021,2021,8,4,Wales,N.Wales,Y Foryd,NA,53.105289,-4.311025,NA,01/02/2021,01/04/2021,216,2,6,82,134
CA_04_08_28,62,70,22.684,0.096,CA,04/08/2021,2021,8,4,Wales,N.Wales,Y Foryd,NA,53.105289,-4.311025,NA,01/02/2021,01/04/2021,216,2,6,70,146
CA_04_08_29,104,112,29.844,0.242,CA,04/08/2021,2021,8,4,Wales,N.Wales,Y Foryd,NA,53.105289,-4.311025,NA,01/02/2021,01/04/2021,216,2,6,112,104
CA_04_08_30,90,81,25.992,0.176,CA,04/08/2021,2021,8,4,Wales,N.Wales,Y Foryd,NA,53.105289,-4.311025,NA,01/02/2021,01/04/2021,216,2,6,98,118
CA_04_08_32,80,70,29.964,0.286,CA,04/08/2021,2021,8,4,Wales,N.Wales,Y Foryd,NA,53.105289,-4.311025,NA,01/02/2021,01/04/2021,216,2,6,88,128
CA_08_07_01,94,102,20.677,0.0447,CA,08/07/2021,2021,7,8,Wales,N.Wales,Y Foryd,NA,53.105289,-4.311025,NA,01/02/2021,01/04/2021,189,2,6,102,87
CA_08_07_02,86,94,23.205,0.0844,CA,08/07/2021,2021,7,8,Wales,N.Wales,Y Foryd,NA,53.105289,-4.311025,NA,01/02/2021,01/04/2021,189,2,6,94,95
CA_08_07_04,76,84,22.146,0.0642,CA,08/07/2021,2021,7,8,Wales,N.Wales,Y Foryd,NA,53.105289,-4.311025,NA,01/02/2021,01/04/2021,189,2,6,84,105
CA_08_07_05,88,96,23.984,0.0972,CA,08/07/2021,2021,7,8,Wales,N.Wales,Y Foryd,NA,53.105289,-4.311025,NA,01/02/2021,01/04/2021,189,2,6,96,93
CA_08_07_06,63,71,20.164,0.0508,CA,08/07/2021,2021,7,8,Wales,N.Wales,Y Foryd,NA,53.105289,-4.311025,NA,01/02/2021,01/04/2021,189,2,6,71,118
CA_08_07_08,71,79,21.145,0.0542,CA,08/07/2021,2021,7,8,Wales,N.Wales,Y Foryd,NA,53.105289,-4.311025,NA,01/02/2021,01/04/2021,189,2,6,79,110
CA_08_07_09,66,74,20.299,0.0508,CA,08/07/2021,2021,7,8,Wales,N.Wales,Y Foryd,NA,53.105289,-4.311025,NA,01/02/2021,01/04/2021,189,2,6,74,115
CA_08_07_10,62,70,20.237,0.0429,CA,08/07/2021,2021,7,8,Wales,N.Wales,Y Foryd,NA,53.105289,-4.311025,NA,01/02/2021,01/04/2021,189,2,6,70,119
CA_08_07_11,56,64,20.728,0.0633,CA,08/07/2021,2021,7,8,Wales,N.Wales,Y Foryd,NA,53.105289,-4.311025,NA,01/02/2021,01/04/2021,189,2,6,64,125
CA_08_07_12,84,92,20.164,0.0483,CA,08/07/2021,2021,7,8,Wales,N.Wales,Y Foryd,NA,53.105289,-4.311025,NA,01/02/2021,01/04/2021,189,2,6,92,97
CA_08_07_14,88,96,20.981,0.0574,CA,08/07/2021,2021,7,8,Wales,N.Wales,Y Foryd,NA,53.105289,-4.311025,NA,01/02/2021,01/04/2021,189,2,6,96,93
CA_08_07_15,72,80,21.422,0.0779,CA,08/07/2021,2021,7,8,Wales,N.Wales,Y Foryd,NA,53.105289,-4.311025,NA,01/02/2021,01/04/2021,189,2,6,80,109
CA_08_07_16,86,94,18.234,0.0317,CA,08/07/2021,2021,7,8,Wales,N.Wales,Y Foryd,NA,53.105289,-4.311025,NA,01/02/2021,01/04/2021,189,2,6,94,95
CA_08_07_17,77,85,19.179,0.0379,CA,08/07/2021,2021,7,8,Wales,N.Wales,Y Foryd,NA,53.105289,-4.311025,NA,01/02/2021,01/04/2021,189,2,6,85,104
CA_08_09_01,112,120,46.608,0.965,CA,08/09/2021,2021,9,8,Wales,N.Wales,Y Foryd,NA,53.105289,-4.311025,NA,01/02/2021,01/04/2021,251,2,6,120,131
CA_10_08_01,90,78,35.68,0.489,CA,10/08/2021,2021,8,10,Wales,N.Wales,Y Foryd,NA,53.105289,-4.311025,NA,01/02/2021,01/04/2021,222,2,6,98,124
CA_10_08_02,83,76,30.706,0.307,CA,10/08/2021,2021,8,10,Wales,N.Wales,Y Foryd,NA,53.105289,-4.311025,NA,01/02/2021,01/04/2021,222,2,6,91,131
CA_10_08_03,80,72,30.884,0.324,CA,10/08/2021,2021,8,10,Wales,N.Wales,Y Foryd,NA,53.105289,-4.311025,NA,01/02/2021,01/04/2021,222,2,6,88,134
CA_10_08_04,81,68,36.969,0.515,CA,10/08/2021,2021,8,10,Wales,N.Wales,Y Foryd,NA,53.105289,-4.311025,NA,01/02/2021,01/04/2021,222,2,6,89,133
CA_10_08_05,88,81,27.804,0.289,CA,10/08/2021,2021,8,10,Wales,N.Wales,Y Foryd,NA,53.105289,-4.311025,NA,01/02/2021,01/04/2021,222,2,6,96,126
CA_10_08_08,78,86,26.442,0.199,CA,10/08/2021,2021,8,10,Wales,N.Wales,Y Foryd,NA,53.105289,-4.311025,NA,01/02/2021,01/04/2021,222,2,6,86,136
CA_23_07_01,64,72,19.5283,0.0486,CA,23/07/2021,2021,7,23,Wales,N.Wales,Y Foryd,NA,53.105289,-4.311025,NA,01/02/2021,01/04/2021,204,2,6,72,132
CA_23_07_04,66,74,24.1152,0.1393,CA,23/07/2021,2021,7,23,Wales,N.Wales,Y Foryd,NA,53.105289,-4.311025,NA,01/02/2021,01/04/2021,204,2,6,74,130
CA_23_07_05,86,85,30.998,0.2901,CA,23/07/2021,2021,7,23,Wales,N.Wales,Y Foryd,NA,53.105289,-4.311025,NA,01/02/2021,01/04/2021,204,2,6,94,110
CA_23_07_06,70,78,21.0624,0.0876,CA,23/07/2021,2021,7,23,Wales,N.Wales,Y Foryd,NA,53.105289,-4.311025,NA,01/02/2021,01/04/2021,204,2,6,78,126
CA_23_07_08,72,70,27.3814,0.2529,CA,23/07/2021,2021,7,23,Wales,N.Wales,Y Foryd,NA,53.105289,-4.311025,NA,01/02/2021,01/04/2021,204,2,6,80,124
CA_23_07_09,66,62,22.4399,0.1018,CA,23/07/2021,2021,7,23,Wales,N.Wales,Y Foryd,NA,53.105289,-4.311025,NA,01/02/2021,01/04/2021,204,2,6,74,130
CA_23_07_10,72,80,19.8308,0.0643,CA,23/07/2021,2021,7,23,Wales,N.Wales,Y Foryd,NA,53.105289,-4.311025,NA,01/02/2021,01/04/2021,204,2,6,80,124
CA_23_07_11,76,74,25.44,0.1399,CA,23/07/2021,2021,7,23,Wales,N.Wales,Y Foryd,NA,53.105289,-4.311025,NA,01/02/2021,01/04/2021,204,2,6,84,120
CA_23_07_12,96,93,24.8081,0.1532,CA,23/07/2021,2021,7,23,Wales,N.Wales,Y Foryd,NA,53.105289,-4.311025,NA,01/02/2021,01/04/2021,204,2,6,104,100
CA_23_07_14,85,82,24.0508,0.1485,CA,23/07/2021,2021,7,23,Wales,N.Wales,Y Foryd,NA,53.105289,-4.311025,NA,01/02/2021,01/04/2021,204,2,6,93,111
CA_23_07_15,78,86,23.179,0.0988,CA,23/07/2021,2021,7,23,Wales,N.Wales,Y Foryd,NA,53.105289,-4.311025,NA,01/02/2021,01/04/2021,204,2,6,86,118
CA_23_07_17,74,75,24.9321,0.1309,CA,23/07/2021,2021,7,23,Wales,N.Wales,Y Foryd,NA,53.105289,-4.311025,NA,01/02/2021,01/04/2021,204,2,6,82,122
CA_23_07_18,68,76,20.5315,0.0718,CA,23/07/2021,2021,7,23,Wales,N.Wales,Y Foryd,NA,53.105289,-4.311025,NA,01/02/2021,01/04/2021,204,2,6,76,128
CA_23_07_19,86,94,28.9837,0.2162,CA,23/07/2021,2021,7,23,Wales,N.Wales,Y Foryd,NA,53.105289,-4.311025,NA,01/02/2021,01/04/2021,204,2,6,94,110
CA_23_07_20,78,86,32.4257,0.3966,CA,23/07/2021,2021,7,23,Wales,N.Wales,Y Foryd,NA,53.105289,-4.311025,NA,01/02/2021,01/04/2021,204,2,6,86,118
CA_23_07_21,76,73,25.9534,0.1627,CA,23/07/2021,2021,7,23,Wales,N.Wales,Y Foryd,NA,53.105289,-4.311025,NA,01/02/2021,01/04/2021,204,2,6,84,120
CA_23_07_22,86,88,25.5899,0.1338,CA,23/07/2021,2021,7,23,Wales,N.Wales,Y Foryd,NA,53.105289,-4.311025,NA,01/02/2021,01/04/2021,204,2,6,94,110
CA_23_07_23,84,92,21.4156,0.0854,CA,23/07/2021,2021,7,23,Wales,N.Wales,Y Foryd,NA,53.105289,-4.311025,NA,01/02/2021,01/04/2021,204,2,6,92,112
CA_23_07_24,80,88,18.7287,0.0493,CA,23/07/2021,2021,7,23,Wales,N.Wales,Y Foryd,NA,53.105289,-4.311025,NA,01/02/2021,01/04/2021,204,2,6,88,116
CA_23_07_25,82,83,24.5063,0.1357,CA,23/07/2021,2021,7,23,Wales,N.Wales,Y Foryd,NA,53.105289,-4.311025,NA,01/02/2021,01/04/2021,204,2,6,90,114
CA_23_08_03,78,63,30.302,0.269,CA,23/08/2021,2021,8,23,Wales,N.Wales,Y Foryd,NA,53.105289,-4.311025,NA,01/02/2021,01/04/2021,235,2,6,86,149
CA_23_08_04,96,75,30.021,0.271,CA,23/08/2021,2021,8,23,Wales,N.Wales,Y Foryd,NA,53.105289,-4.311025,NA,01/02/2021,01/04/2021,235,2,6,104,131
CA_23_08_05,84,68,31.769,0.349,CA,23/08/2021,2021,8,23,Wales,N.Wales,Y Foryd,NA,53.105289,-4.311025,NA,01/02/2021,01/04/2021,235,2,6,92,143
CA_23_08_06,84,71,31.236,0.301,CA,23/08/2021,2021,8,23,Wales,N.Wales,Y Foryd,NA,53.105289,-4.311025,NA,01/02/2021,01/04/2021,235,2,6,92,143
CA_23_08_07,94,76,35.699,0.619,CA,23/08/2021,2021,8,23,Wales,N.Wales,Y Foryd,NA,53.105289,-4.311025,NA,01/02/2021,01/04/2021,235,2,6,102,133
CA_23_08_10,94,102,39.447,0.559,CA,23/08/2021,2021,8,23,Wales,N.Wales,Y Foryd,NA,53.105289,-4.311025,NA,01/02/2021,01/04/2021,235,2,6,102,133
CA_23_08_12,92,79,32.798,0.384,CA,23/08/2021,2021,8,23,Wales,N.Wales,Y Foryd,NA,53.105289,-4.311025,NA,01/02/2021,01/04/2021,235,2,6,100,135
CA_25_08_02,80,68,32.535,0.365,CA,25/08/2021,2021,8,25,Wales,N.Wales,Y Foryd,NA,53.105289,-4.311025,NA,01/02/2021,01/04/2021,237,2,6,88,149
CA_25_08_04,92,84,28.082,0.221,CA,25/08/2021,2021,8,25,Wales,N.Wales,Y Foryd,NA,53.105289,-4.311025,NA,01/02/2021,01/04/2021,237,2,6,100,137
CA_25_08_05,93,101,37.176,0.543,CA,25/08/2021,2021,8,25,Wales,N.Wales,Y Foryd,NA,53.105289,-4.311025,NA,01/02/2021,01/04/2021,237,2,6,101,136
CA_25_08_07,112,76,51.307,1.262,CA,25/08/2021,2021,8,25,Wales,N.Wales,Y Foryd,NA,53.105289,-4.311025,NA,01/02/2021,01/04/2021,237,2,6,120,117
CA_25_08_08,88,67,31.044,0.317,CA,25/08/2021,2021,8,25,Wales,N.Wales,Y Foryd,NA,53.105289,-4.311025,NA,01/02/2021,01/04/2021,237,2,6,96,141
CA_25_08_10,88,96,33.556,0.397,CA,25/08/2021,2021,8,25,Wales,N.Wales,Y Foryd,NA,53.105289,-4.311025,NA,01/02/2021,01/04/2021,237,2,6,96,141
CA_25_08_11,96,81,28.314,0.202,CA,25/08/2021,2021,8,25,Wales,N.Wales,Y Foryd,NA,53.105289,-4.311025,NA,01/02/2021,01/04/2021,237,2,6,104,133
CA_25_08_13,76,63,26.498,0.17,CA,25/08/2021,2021,8,25,Wales,N.Wales,Y Foryd,NA,53.105289,-4.311025,NA,01/02/2021,01/04/2021,237,2,6,84,153
CA_25_08_14,120,94,38.751,0.619,CA,25/08/2021,2021,8,25,Wales,N.Wales,Y Foryd,NA,53.105289,-4.311025,NA,01/02/2021,01/04/2021,237,2,6,128,109
CA_25_08_15,85,69,30.728,0.319,CA,25/08/2021,2021,8,25,Wales,N.Wales,Y Foryd,NA,53.105289,-4.311025,NA,01/02/2021,01/04/2021,237,2,6,93,144
CA_25_08_16,102,75,35.796,0.698,CA,25/08/2021,2021,8,25,Wales,N.Wales,Y Foryd,NA,53.105289,-4.311025,NA,01/02/2021,01/04/2021,237,2,6,110,127
CA_25_08_19,82,61,32.309,0.315,CA,25/08/2021,2021,8,25,Wales,N.Wales,Y Foryd,NA,53.105289,-4.311025,NA,01/02/2021,01/04/2021,237,2,6,90,147
CA_25_08_24,112,87,37.353,0.588,CA,25/08/2021,2021,8,25,Wales,N.Wales,Y Foryd,NA,53.105289,-4.311025,NA,01/02/2021,01/04/2021,237,2,6,120,117
CA_25_08_25,76,84,31.191,0.322,CA,25/08/2021,2021,8,25,Wales,N.Wales,Y Foryd,NA,53.105289,-4.311025,NA,01/02/2021,01/04/2021,237,2,6,84,153
CA_25_08_29,84,75,32.054,0.312,CA,25/08/2021,2021,8,25,Wales,N.Wales,Y Foryd,NA,53.105289,-4.311025,NA,01/02/2021,01/04/2021,237,2,6,92,145
PO_02_09_01,92,100,43.564,0.891,PO,02/09/2021,2021,9,2,Wales,N.Wales,Dwyryd,NA,52.92044,-4.083925,NA,01/02/2021,01/04/2021,245,2,6,100,145
PO_02_09_02,115,75,35.264,0.444,PO,02/09/2021,2021,9,2,Wales,N.Wales,Dwyryd,NA,52.92044,-4.083925,NA,01/02/2021,01/04/2021,245,2,6,123,122
PO_14_07_01,68,76,20.6692,0.0594,PO,14/07/2021,2021,7,14,Wales,N.Wales,Dwyryd,NA,52.92044,-4.083925,NA,01/02/2021,01/04/2021,195,2,6,76,119
PO_14_07_04,68,76,21.198,0.071,PO,14/07/2021,2021,7,14,Wales,N.Wales,Dwyryd,NA,52.92044,-4.083925,NA,01/02/2021,01/04/2021,195,2,6,76,119
PO_14_07_05,70,78,21.191,0.0858,PO,14/07/2021,2021,7,14,Wales,N.Wales,Dwyryd,NA,52.92044,-4.083925,NA,01/02/2021,01/04/2021,195,2,6,78,117
PO_14_07_06,78,86,20.517,0.0584,PO,14/07/2021,2021,7,14,Wales,N.Wales,Dwyryd,NA,52.92044,-4.083925,NA,01/02/2021,01/04/2021,195,2,6,86,109
PO_14_07_07,62,70,20.059,0.0619,PO,14/07/2021,2021,7,14,Wales,N.Wales,Dwyryd,NA,52.92044,-4.083925,NA,01/02/2021,01/04/2021,195,2,6,70,125
PO_14_07_08,68,76,17.725,0.0382,PO,14/07/2021,2021,7,14,Wales,N.Wales,Dwyryd,NA,52.92044,-4.083925,NA,01/02/2021,01/04/2021,195,2,6,76,119
PO_14_07_09,70,78,18.692,0.0367,PO,14/07/2021,2021,7,14,Wales,N.Wales,Dwyryd,NA,52.92044,-4.083925,NA,01/02/2021,01/04/2021,195,2,6,78,117
PO_14_07_11,64,72,20.093,0.0617,PO,14/07/2021,2021,7,14,Wales,N.Wales,Dwyryd,NA,52.92044,-4.083925,NA,01/02/2021,01/04/2021,195,2,6,72,123
PO_14_07_13,81,89,20.728,0.0555,PO,14/07/2021,2021,7,14,Wales,N.Wales,Dwyryd,NA,52.92044,-4.083925,NA,01/02/2021,01/04/2021,195,2,6,89,106
PO_14_07_16,66,74,19.457,0.0473,PO,14/07/2021,2021,7,14,Wales,N.Wales,Dwyryd,NA,52.92044,-4.083925,NA,01/02/2021,01/04/2021,195,2,6,74,121
PO_14_07_17,69,77,19.595,0.0452,PO,14/07/2021,2021,7,14,Wales,N.Wales,Dwyryd,NA,52.92044,-4.083925,NA,01/02/2021,01/04/2021,195,2,6,77,118
PO_14_07_18,74,82,21.438,0.0701,PO,14/07/2021,2021,7,14,Wales,N.Wales,Dwyryd,NA,52.92044,-4.083925,NA,01/02/2021,01/04/2021,195,2,6,82,113
PO_14_07_19,70,78,20.976,0.0615,PO,14/07/2021,2021,7,14,Wales,N.Wales,Dwyryd,NA,52.92044,-4.083925,NA,01/02/2021,01/04/2021,195,2,6,78,117
PO_14_07_21,58,66,19.227,0.0447,PO,14/07/2021,2021,7,14,Wales,N.Wales,Dwyryd,NA,52.92044,-4.083925,NA,01/02/2021,01/04/2021,195,2,6,66,129
PO_14_07_23,68,76,19.107,0.0451,PO,14/07/2021,2021,7,14,Wales,N.Wales,Dwyryd,NA,52.92044,-4.083925,NA,01/02/2021,01/04/2021,195,2,6,76,119
PO_14_07_24,65,73,18.359,0.0347,PO,14/07/2021,2021,7,14,Wales,N.Wales,Dwyryd,NA,52.92044,-4.083925,NA,01/02/2021,01/04/2021,195,2,6,73,122
PO_14_07_26,73,81,19.69,0.053,PO,14/07/2021,2021,7,14,Wales,N.Wales,Dwyryd,NA,52.92044,-4.083925,NA,01/02/2021,01/04/2021,195,2,6,81,114
PO_14_07_27,70,64,20.065,0.0421,PO,14/07/2021,2021,7,14,Wales,N.Wales,Dwyryd,NA,52.92044,-4.083925,NA,01/02/2021,01/04/2021,195,2,6,78,117
PO_18_08_01,76,84,28.051,0.242,PO,18/08/2021,2021,8,18,Wales,N.Wales,Dwyryd,NA,52.92044,-4.083925,NA,01/02/2021,01/04/2021,230,2,6,84,146
PO_18_08_03,62,70,25.739,0.166,PO,18/08/2021,2021,8,18,Wales,N.Wales,Dwyryd,NA,52.92044,-4.083925,NA,01/02/2021,01/04/2021,230,2,6,70,160
PO_18_08_04,77,85,19.846,0.068,PO,18/08/2021,2021,8,18,Wales,N.Wales,Dwyryd,NA,52.92044,-4.083925,NA,01/02/2021,01/04/2021,230,2,6,85,145
PO_18_08_05,79,87,20.34,0.073,PO,18/08/2021,2021,8,18,Wales,N.Wales,Dwyryd,NA,52.92044,-4.083925,NA,01/02/2021,01/04/2021,230,2,6,87,143
PO_18_08_06,81,89,23.792,0.125,PO,18/08/2021,2021,8,18,Wales,N.Wales,Dwyryd,NA,52.92044,-4.083925,NA,01/02/2021,01/04/2021,230,2,6,89,141
PO_18_08_07,76,84,23.299,0.116,PO,18/08/2021,2021,8,18,Wales,N.Wales,Dwyryd,NA,52.92044,-4.083925,NA,01/02/2021,01/04/2021,230,2,6,84,146
PO_18_08_08,80,78,24.569,0.148,PO,18/08/2021,2021,8,18,Wales,N.Wales,Dwyryd,NA,52.92044,-4.083925,NA,01/02/2021,01/04/2021,230,2,6,88,142
PO_18_08_10,69,69,22.539,0.097,PO,18/08/2021,2021,8,18,Wales,N.Wales,Dwyryd,NA,52.92044,-4.083925,NA,01/02/2021,01/04/2021,230,2,6,77,153
PO_18_08_11,50,47,21.977,0.106,PO,18/08/2021,2021,8,18,Wales,N.Wales,Dwyryd,NA,52.92044,-4.083925,NA,01/02/2021,01/04/2021,230,2,6,58,172
PO_18_08_12,43,51,17.052,0.047,PO,18/08/2021,2021,8,18,Wales,N.Wales,Dwyryd,NA,52.92044,-4.083925,NA,01/02/2021,01/04/2021,230,2,6,51,179
PO_27_07_05,90,75,35.951,0.518,PO,27/07/2021,2021,7,27,Wales,N.Wales,Dwyryd,NA,52.92044,-4.083925,NA,01/02/2021,01/04/2021,208,2,6,98,110
PO_27_07_06,94,84,25.236,0.182,PO,27/07/2021,2021,7,27,Wales,N.Wales,Dwyryd,NA,52.92044,-4.083925,NA,01/02/2021,01/04/2021,208,2,6,102,106
PO_27_07_10,84,74,26.579,0.247,PO,27/07/2021,2021,7,27,Wales,N.Wales,Dwyryd,NA,52.92044,-4.083925,NA,01/02/2021,01/04/2021,208,2,6,92,116
PO_27_07_12,86,82,26.758,0.281,PO,27/07/2021,2021,7,27,Wales,N.Wales,Dwyryd,NA,52.92044,-4.083925,NA,01/02/2021,01/04/2021,208,2,6,94,114
PO_27_07_13,82,82,24.899,0.154,PO,27/07/2021,2021,7,27,Wales,N.Wales,Dwyryd,NA,52.92044,-4.083925,NA,01/02/2021,01/04/2021,208,2,6,90,118
PO_27_07_14,70,70,23.587,0.131,PO,27/07/2021,2021,7,27,Wales,N.Wales,Dwyryd,NA,52.92044,-4.083925,NA,01/02/2021,01/04/2021,208,2,6,78,130
PO_27_07_15,81,82,24.555,0.191,PO,27/07/2021,2021,7,27,Wales,N.Wales,Dwyryd,NA,52.92044,-4.083925,NA,01/02/2021,01/04/2021,208,2,6,89,119
PO_27_07_16,57,65,20.704,0.081,PO,27/07/2021,2021,7,27,Wales,N.Wales,Dwyryd,NA,52.92044,-4.083925,NA,01/02/2021,01/04/2021,208,2,6,65,143
PO_27_07_17,84,86,23.226,0.147,PO,27/07/2021,2021,7,27,Wales,N.Wales,Dwyryd,NA,52.92044,-4.083925,NA,01/02/2021,01/04/2021,208,2,6,92,116
PO_27_07_18,84,84,23.215,0.145,PO,27/07/2021,2021,7,27,Wales,N.Wales,Dwyryd,NA,52.92044,-4.083925,NA,01/02/2021,01/04/2021,208,2,6,92,116
PO_27_07_19,70,67,25.211,0.174,PO,27/07/2021,2021,7,27,Wales,N.Wales,Dwyryd,NA,52.92044,-4.083925,NA,01/02/2021,01/04/2021,208,2,6,78,130
PO_27_07_20,70,78,30.257,0.352,PO,27/07/2021,2021,7,27,Wales,N.Wales,Dwyryd,NA,52.92044,-4.083925,NA,01/02/2021,01/04/2021,208,2,6,78,130
PO_27_07_21,68,76,35.104,0.521,PO,27/07/2021,2021,7,27,Wales,N.Wales,Dwyryd,NA,52.92044,-4.083925,NA,01/02/2021,01/04/2021,208,2,6,76,132
PO_27_07_22,68,67,22.762,0.118,PO,27/07/2021,2021,7,27,Wales,N.Wales,Dwyryd,NA,52.92044,-4.083925,NA,01/02/2021,01/04/2021,208,2,6,76,132
PO_27_07_23,94,74,45.431,1.394,PO,27/07/2021,2021,7,27,Wales,N.Wales,Dwyryd,NA,52.92044,-4.083925,NA,01/02/2021,01/04/2021,208,2,6,102,106
PO_27_07_27,74,82,23.129,0.199,PO,27/07/2021,2021,7,27,Wales,N.Wales,Dwyryd,NA,52.92044,-4.083925,NA,01/02/2021,01/04/2021,208,2,6,82,126
PO_27_07_28,76,77,21.283,0.087,PO,27/07/2021,2021,7,27,Wales,N.Wales,Dwyryd,NA,52.92044,-4.083925,NA,01/02/2021,01/04/2021,208,2,6,84,124
PO_27_07_30,94,87,43.066,0.838,PO,27/07/2021,2021,7,27,Wales,N.Wales,Dwyryd,NA,52.92044,-4.083925,NA,01/02/2021,01/04/2021,208,2,6,102,106
PO_27_07_32,100,88,24.67,0.154,PO,27/07/2021,2021,7,27,Wales,N.Wales,Dwyryd,NA,52.92044,-4.083925,NA,01/02/2021,01/04/2021,208,2,6,108,100
80,116,69,65.3,2.79127,TM,21/07/2020,2023,7,21,England,Cornwall,Tamar,NA,50.429524,-4.21562,62.6,01/02/2021,01/04/2021,201,2,6,124,77
81,117,82,50,1.07125,TM,21/07/2020,2023,7,21,England,Cornwall,Tamar,NA,50.429524,-4.21562,62.6,01/02/2021,01/04/2021,201,2,6,125,76
83,109,62,54.8,1.26793,TM,21/07/2020,2023,7,21,England,Cornwall,Tamar,NA,50.429524,-4.21562,62.6,01/02/2021,01/04/2021,201,2,6,117,84
84,117,67,57.8,1.70939,TM,21/07/2020,2023,7,21,England,Cornwall,Tamar,NA,50.429524,-4.21562,62.6,01/02/2021,01/04/2021,201,2,6,125,76
86,92,54,50.9,1.21586,TM,21/07/2020,2023,7,21,England,Cornwall,Tamar,NA,50.429524,-4.21562,62.6,01/02/2021,01/04/2021,201,2,6,100,101
87,92,58,45.9,0.83065,TM,21/07/2020,2023,7,21,England,Cornwall,Tamar,NA,50.429524,-4.21562,62.6,01/02/2021,01/04/2021,201,2,6,100,101
89,133,74,82.2,4.92425,TM,14/08/2020,2023,8,14,England,Cornwall,Tamar,NA,50.46481,-4.226536,65.66,01/02/2021,01/04/2021,232,2,6,141,91
93,118,64,74.3,4.16725,TM,15/08/2020,2023,8,15,England,Cornwall,Tamar,NA,50.467881,-4.236664,65.84,01/02/2021,01/04/2021,232,2,6,126,106
94,130,77,80,4.69235,TM,15/08/2020,2023,8,15,England,Cornwall,Tamar,NA,50.467881,-4.236664,65.84,01/02/2021,01/04/2021,232,2,6,138,94
99,113,65,56.4,1.67137,FO,07/09/2020,2023,9,7,England,Cornwall,Fowey,NA,50.381708,-4.651392,68.72,01/02/2021,01/04/2021,263,2,6,121,142
100,97,50,62.1,2.02486,FO,07/09/2020,2023,9,7,England,Cornwall,Fowey,NA,50.381708,-4.651392,68.72,01/02/2021,01/04/2021,263,2,6,105,158
101,143,69,100.6,9.46537,FO,07/09/2020,2023,9,7,England,Cornwall,Fowey,NA,50.381708,-4.651392,68.72,01/02/2021,01/04/2021,263,2,6,151,112
102,141,62,87,6.85301,FO,07/09/2020,2023,9,7,England,Cornwall,Fowey,NA,50.381708,-4.651392,68.72,01/02/2021,01/04/2021,263,2,6,149,114
103,116,51,64.8,2.50223,FO,07/09/2020,2023,9,7,England,Cornwall,Fowey,NA,50.381708,-4.651392,68.72,01/02/2021,01/04/2021,263,2,6,124,139
104,98,47,57.7,1.68869,FO,07/09/2020,2023,9,7,England,Cornwall,Fowey,NA,50.381708,-4.651392,68.72,01/02/2021,01/04/2021,263,2,6,106,157
105,154,75,88.9,7.621576,FO,07/09/2020,2023,9,7,England,Cornwall,Fowey,NA,50.381708,-4.651392,68.72,01/02/2021,01/04/2021,263,2,6,162,101
106,139,60,96.1,8.41373,FO,07/09/2020,2023,9,7,England,Cornwall,Fowey,NA,50.381708,-4.651392,68.72,01/02/2021,01/04/2021,263,2,6,147,116
107,121,56,65.6,2.37062,FO,07/09/2020,2023,9,7,England,Cornwall,Fowey,NA,50.381708,-4.651392,68.72,01/02/2021,01/04/2021,263,2,6,129,134
109,117,52,76.9,3.74509,FO,07/09/2020,2023,9,7,England,Cornwall,Fowey,NA,50.381708,-4.651392,68.72,01/02/2021,01/04/2021,263,2,6,125,138
113,109,63,53.3,2.13715,FO,07/09/2020,2023,9,7,England,Cornwall,Fowey,NA,50.381708,-4.651392,68.72,01/02/2021,01/04/2021,263,2,6,117,146
114,108,58,59.5,1.87931,FO,07/09/2020,2023,9,7,England,Cornwall,Fowey,NA,50.381708,-4.651392,68.72,01/02/2021,01/04/2021,263,2,6,116,147
115,126,59,93.7,7.90925,FO,07/09/2020,2023,9,7,England,Cornwall,Fowey,NA,50.381708,-4.651392,68.72,01/02/2021,01/04/2021,263,2,6,134,129
116,149,66,87,6.1256,FO,07/09/2020,2023,9,7,England,Cornwall,Fowey,NA,50.381708,-4.651392,68.72,01/02/2021,01/04/2021,263,2,6,157,106
117,120,61,72.6,3.41245,FO,07/09/2020,2023,9,7,England,Cornwall,Fowey,NA,50.381708,-4.651392,68.72,01/02/2021,01/04/2021,263,2,6,128,135
120,114,65,62.1,2.01966,FO,07/09/2020,2023,9,7,England,Cornwall,Fowey,NA,50.381708,-4.651392,68.72,01/02/2021,01/04/2021,263,2,6,122,141
121,105,46,69,2.74836,FO,07/09/2020,2023,9,7,England,Cornwall,Fowey,NA,50.381708,-4.651392,68.72,01/02/2021,01/04/2021,263,2,6,113,150
123,114,61,68.5,2.65167,FO,07/09/2020,2023,9,7,England,Cornwall,Fowey,NA,50.381708,-4.651392,68.72,01/02/2021,01/04/2021,263,2,6,122,141
124,98,57,50.2,1.00091,FO,07/09/2020,2023,9,7,England,Cornwall,Fowey,NA,50.381708,-4.651392,68.72,01/02/2021,01/04/2021,263,2,6,106,157
125,119,53,72,3.06972,FO,07/09/2020,2023,9,7,England,Cornwall,Fowey,NA,50.381708,-4.651392,68.72,01/02/2021,01/04/2021,263,2,6,127,136
126,131,59,87,6.46151,FO,07/09/2020,2023,9,7,England,Cornwall,Fowey,NA,50.381708,-4.651392,68.72,01/02/2021,01/04/2021,263,2,6,139,124
127,100,58,51.4,1.22031,FO,07/09/2020,2023,9,7,England,Cornwall,Fowey,NA,50.381708,-4.651392,68.72,01/02/2021,01/04/2021,263,2,6,108,155
128,108,52,64.8,2.64775,FO,07/09/2020,2023,9,7,England,Cornwall,Fowey,NA,50.381708,-4.651392,68.72,01/02/2021,01/04/2021,263,2,6,116,147
129,101,63,48.2,1.0997,FO,07/09/2020,2023,9,7,England,Cornwall,Fowey,NA,50.381708,-4.651392,68.72,01/02/2021,01/04/2021,263,2,6,109,154
161,136,61,101,10.48507,TM,15/09/2020,2023,9,15,England,Cornwall,Tamar,NA,50.429883,-4.215605,67.64,01/02/2021,01/04/2021,263,2,6,144,119
168,164,72,104.8,11.46297,TM,15/09/2020,2023,9,15,England,Cornwall,Tamar,NA,50.429883,-4.215605,67.64,01/02/2021,01/04/2021,263,2,6,172,91
177,140,58,102.4,10.92795,TM,15/09/2020,2023,9,15,England,Cornwall,Tamar,NA,50.429883,-4.215605,67.64,01/02/2021,01/04/2021,263,2,6,148,115
182,158,76,94.3,8.35455,TM,15/09/2020,2023,9,15,England,Cornwall,Tamar,NA,50.429883,-4.215605,67.64,01/02/2021,01/04/2021,263,2,6,166,97
186,148,55,97.6,9.8339,TM,15/09/2020,2023,9,15,England,Cornwall,Tamar,NA,50.429883,-4.215605,67.64,01/02/2021,01/04/2021,263,2,6,156,107
187,168,76,103.1,11.26858,TM,15/09/2020,2023,9,15,England,Cornwall,Tamar,NA,50.429883,-4.215605,67.64,01/02/2021,01/04/2021,263,2,6,176,87
189,155,74,89,6.39636,TM,15/09/2020,2023,9,15,England,Cornwall,Tamar,NA,50.429883,-4.215605,67.64,01/02/2021,01/04/2021,263,2,6,163,100
191,146,66,102.3,10.64828,TM,15/09/2020,2023,9,15,England,Cornwall,Tamar,NA,50.429883,-4.215605,67.64,01/02/2021,01/04/2021,263,2,6,154,109
192,169,80,104.4,11.84118,TM,15/09/2020,2023,9,15,England,Cornwall,Tamar,NA,50.429883,-4.215605,67.64,01/02/2021,01/04/2021,263,2,6,177,86
193,153,67,92.5,7.89288,TM,15/09/2020,2023,9,15,England,Cornwall,Tamar,NA,50.429883,-4.215605,67.64,01/02/2021,01/04/2021,263,2,6,161,102
194,140,57,101.7,10.10128,TM,15/09/2020,2023,9,15,England,Cornwall,Tamar,NA,50.429883,-4.215605,67.64,01/02/2021,01/04/2021,263,2,6,148,115
485,128,70,79.3,4.55,HE,13/09/2020,2023,9,13,England,Cornwall,Helford,NA,50.11258,-5.163633,66.92,01/02/2021,01/04/2021,263,2,6,136,127
487,165,87,116.5,15.143,HE,13/09/2020,2023,9,13,England,Cornwall,Helford,NA,50.11258,-5.163633,66.92,01/02/2021,01/04/2021,263,2,6,173,90
488,171,83,113.3,13.987,HE,13/09/2020,2023,9,13,England,Cornwall,Helford,NA,50.11258,-5.163633,66.92,01/02/2021,01/04/2021,263,2,6,179,84
489,159,82,108.7,14.227,HE,13/09/2020,2023,9,13,England,Cornwall,Helford,NA,50.11258,-5.163633,66.92,01/02/2021,01/04/2021,263,2,6,167,96
490,127,60,85.1,5.487,HE,13/09/2020,2023,9,13,England,Cornwall,Helford,NA,50.11258,-5.163633,66.92,01/02/2021,01/04/2021,263,2,6,135,128
491,128,74,62,2.238,HE,13/09/2020,2023,9,13,England,Cornwall,Helford,NA,50.11258,-5.163633,66.92,01/02/2021,01/04/2021,263,2,6,136,127
492,142,80,120.2,19.275,HE,13/09/2020,2023,9,13,England,Cornwall,Helford,NA,50.11258,-5.163633,66.92,01/02/2021,01/04/2021,263,2,6,150,113
493,156,73,101.9,10.673,HE,13/09/2020,2023,9,13,England,Cornwall,Helford,NA,50.11258,-5.163633,66.92,01/02/2021,01/04/2021,263,2,6,164,99
494,145,72,101.9,10.381,HE,13/09/2020,2023,9,13,England,Cornwall,Helford,NA,50.11258,-5.163633,66.92,01/02/2021,01/04/2021,263,2,6,153,110
B01,121,59,98.7,11.185,FA,15/09/2020,2023,9,15,England,Cornwall,Fal,NA,50.209706,-5.067084,67.64,01/02/2021,01/04/2021,263,2,6,129,134
B02,131,63,81.5,6.01,FA,15/09/2020,2023,9,15,England,Cornwall,Fal,NA,50.209706,-5.067084,67.64,01/02/2021,01/04/2021,263,2,6,139,124
B03,141,63,75.3,4.448,FA,15/09/2020,2023,9,15,England,Cornwall,Fal,NA,50.209706,-5.067084,67.64,01/02/2021,01/04/2021,263,2,6,149,114
B04,131,71,63.7,2.467,FA,15/09/2020,2023,9,15,England,Cornwall,Fal,NA,50.209706,-5.067084,67.64,01/02/2021,01/04/2021,263,2,6,139,124
B05,139,92,67.6,2.973,FA,15/09/2020,2023,9,15,England,Cornwall,Fal,NA,50.209706,-5.067084,67.64,01/02/2021,01/04/2021,263,2,6,147,116
